WARNING: All log messages before absl::InitializeLog() is called are written to STDERR
I0000 00:00:1791347387.435968   15280 cpu_feature_guard.cc:227] This TensorFlow binary is optimized to use available CPU instructions in performance-critical operations.
To enable the following instructions: AVX2 AVX512F FMA, in other operations, rebuild TensorFlow with the appropriate compiler flags.
Working with deepseek-ai/deepseek-coder-6.7b-instruct prompt type False...
Loading checkpoint shards:   0%|          | 0/2 [00:00<?, ?it/s]Loading checkpoint shards:  50%|█████     | 1/2 [00:44<00:44, 44.26s/it]Loading checkpoint shards: 100%|██████████| 2/2 [01:00<00:00, 27.54s/it]Loading checkpoint shards: 100%|██████████| 2/2 [01:00<00:00, 30.05s/it]
Task_ID HumanEval/133:
prompt:
You are an AI programming assistant. You are an AI programming assistant, utilizing the DeepSeek Coder model, developed by DeepSeek Company, and you only answer questions related to computer science. For politically sensitive questions, security and privacy issues, and other non-computer science questions, you will refuse to answer.
### Instruction:
Generate a pytest test suite for the function `sum_squares` below.

The code is saved in a module named `HumanEval_133`. Start the test file with:
from HumanEval_133 import *

Follow these steps:
1. Read the docstring carefully. It is the specification: every example in it must become a test with exactly the expected value it states.
2. Go through the code line by line and list every branch (each if/elif/else, loop, early return, and edge case such as empty input, a single element, zero, negative numbers, and boundary values).
3. Write at least one test for every branch you listed, so that together the tests execute every line of the code.
4. Compute each expected value by tracing the code by hand for that input. Do not guess. Only test inputs that the specification allows; do not test invalid types or inputs that the code is not designed to handle.

Rules for the output:
- Output a single ```python code block containing only the test file.
- Do not copy or redefine `sum_squares` or any other function from the code; import them as shown above.
- Write each test as a separate function whose name starts with `test_`, with a short descriptive name.

The code:
```python
def sum_squares(lst):
    """You are given a list of numbers.
    You need to return the sum of squared numbers in the given list,
    round each element in the list to the upper int(Ceiling) first.
    Examples:
    For lst = [1,2,3] the output should be 14
    For lst = [1,4,9] the output should be 98
    For lst = [1,3,5,7] the output should be 84
    For lst = [1.4,4.2,0] the output should be 29
    For lst = [-2.4,1,1] the output should be 6
    

    """
    import math
    squared = 0
    for i in lst:
        squared += math.ceil(i)**2
    return squared
```
### Response:

response:
```python
from HumanEval_133 import *
import math
import pytest

def test_sum_squares_empty():
    """Test the sum_squares function with an empty list"""
    assert sum_squares([]) == 0

def test_sum_squares_single_element():
    """Test the sum_squares function with a single element"""
    assert sum_squares([1]) == 1

def test_sum_squares_zero():
    """Test the sum_squares function with a zero"""
    assert sum_squares([0]) == 0

def test_sum_squares_negative_numbers():
    """Test the sum_squares function with negative numbers"""
    assert sum_squares([-1, -2, -3]) == 14

def test_sum_squares_boundary_values():
    """Test the sum_squares function with boundary values"""
    assert sum_squares([1.4, 4.2, 0]) == 29

def test_sum_squares_large_numbers():
    """Test the sum_squares function with large numbers"""
    assert sum_squares([1e6, 2e6, 3e6]) == 1e12

def test_sum_squares_negative_large_numbers():
    """Test the sum_squares function with negative large numbers"""
    assert sumsum_squares([-1e6, -2e6, -3e6]) == 1e12

def test_sum_squares_negative_boundary_values():
    """Test the sum_squares function with negative boundary values"""
    assert sum_squares([-1.4, -4.2, 0]) == 29

def test_sum_squares_negative_small_numbers():
    """Test the sum_squares function with negative small numbers"""
    assert sum_squares([-1, -2, -3]) == 14

def test_sum_squares_small_numbers():
    """Test the sum_squares function with small numbers"""
    assert sum_squares([1, 2, 3]) == 14
```

processed test file:

from HumanEval_133 import *
import math
import pytest

def test_sum_squares_empty():
    """Test the sum_squares function with an empty list"""
    assert sum_squares([]) == 0

def test_sum_squares_single_element():
    """Test the sum_squares function with a single element"""
    assert sum_squares([1]) == 1

def test_sum_squares_zero():
    """Test the sum_squares function with a zero"""
    assert sum_squares([0]) == 0

def test_sum_squares_negative_numbers():
    """Test the sum_squares function with negative numbers"""
    assert sum_squares([-1, -2, -3]) == 14

def test_sum_squares_boundary_values():
    """Test the sum_squares function with boundary values"""
    assert sum_squares([1.4, 4.2, 0]) == 29

def test_sum_squares_large_numbers():
    """Test the sum_squares function with large numbers"""
    assert sum_squares([1000000.0, 2000000.0, 3000000.0]) == 1000000000000.0

def test_sum_squares_negative_large_numbers():
    """Test the sum_squares function with negative large numbers"""
    assert sumsum_squares([-1000000.0, -2000000.0, -3000000.0]) == 1000000000000.0

def test_sum_squares_negative_boundary_values():
    """Test the sum_squares function with negative boundary values"""
    assert sum_squares([-1.4, -4.2, 0]) == 29

def test_sum_squares_negative_small_numbers():
    """Test the sum_squares function with negative small numbers"""
    assert sum_squares([-1, -2, -3]) == 14

def test_sum_squares_small_numbers():
    """Test the sum_squares function with small numbers"""
    assert sum_squares([1, 2, 3]) == 14

pytest output:
.....FFF..                                                               [100%]
=================================== FAILURES ===================================
________________________ test_sum_squares_large_numbers ________________________
HumanEval_133_test.py:28: in test_sum_squares_large_numbers
    assert sum_squares([1000000.0, 2000000.0, 3000000.0]) == 1000000000000.0
E   assert 14000000000000 == 1000000000000.0
E    +  where 14000000000000 = sum_squares([1000000.0, 2000000.0, 3000000.0])
___________________ test_sum_squares_negative_large_numbers ____________________
HumanEval_133_test.py:32: in test_sum_squares_negative_large_numbers
    assert sumsum_squares([-1000000.0, -2000000.0, -3000000.0]) == 1000000000000.0
           ^^^^^^^^^^^^^^
E   NameError: name 'sumsum_squares' is not defined
__________________ test_sum_squares_negative_boundary_values ___________________
HumanEval_133_test.py:36: in test_sum_squares_negative_boundary_values
    assert sum_squares([-1.4, -4.2, 0]) == 29
E   assert 17 == 29
E    +  where 17 = sum_squares([-1.4, -4.2, 0])
================================ tests coverage ================================
_______________ coverage: platform linux, python 3.13.15-final-0 _______________

Coverage JSON written to file /content/CS598JBR-Team-1/MP2/Coverage/HumanEval_133_test_crafted.json
=========================== short test summary info ============================
FAILED HumanEval_133_test.py::test_sum_squares_large_numbers - assert 1400000...
FAILED HumanEval_133_test.py::test_sum_squares_negative_large_numbers - NameE...
FAILED HumanEval_133_test.py::test_sum_squares_negative_boundary_values - ass...
3 failed, 7 passed in 0.10s

tests: {'tests_total': 10, 'tests_passed': 7, 'tests_failed': 3, 'tests_errored': 0, 'tests_skipped': 0}
coverage:
100.0

Task_ID HumanEval/36:
prompt:
You are an AI programming assistant. You are an AI programming assistant, utilizing the DeepSeek Coder model, developed by DeepSeek Company, and you only answer questions related to computer science. For politically sensitive questions, security and privacy issues, and other non-computer science questions, you will refuse to answer.
### Instruction:
Generate a pytest test suite for the function `fizz_buzz` below.

The code is saved in a module named `HumanEval_36`. Start the test file with:
from HumanEval_36 import *

Follow these steps:
1. Read the docstring carefully. It is the specification: every example in it must become a test with exactly the expected value it states.
2. Go through the code line by line and list every branch (each if/elif/else, loop, early return, and edge case such as empty input, a single element, zero, negative numbers, and boundary values).
3. Write at least one test for every branch you listed, so that together the tests execute every line of the code.
4. Compute each expected value by tracing the code by hand for that input. Do not guess. Only test inputs that the specification allows; do not test invalid types or inputs that the code is not designed to handle.

Rules for the output:
- Output a single ```python code block containing only the test file.
- Do not copy or redefine `fizz_buzz` or any other function from the code; import them as shown above.
- Write each test as a separate function whose name starts with `test_`, with a short descriptive name.

The code:
```python
def fizz_buzz(n: int):
    """Return the number of times the digit 7 appears in integers less than n which are divisible by 11 or 13.
    >>> fizz_buzz(50)
    0
    >>> fizz_buzz(78)
    2
    >>> fizz_buzz(79)
    3
    """
    ns = []
    for i in range(n):
        if i % 11 == 0 or i % 13 == 0:
            ns.append(i)
    s = ''.join(list(map(str, ns)))
    ans = 0
    for c in s:
        ans += (c == '7')
    return ans
```
### Response:

response:
```python
from HumanEval_36 import *

def test_fizz_buzz_0():
    assert fizz_buzz(0) == 0

def test_fizz_buzz_1():
    assert fizz_buzz(1) == 0

def test_fizz_buzz_11():
    assert fizz_buzz(11) == 1

def test_fizz_buzz_13():
    assert fizz_buzz(13) == 1

def test_fizz_buzz_14():
    assert fizz_buzz(14) == 1

def test_fizz_buzz_15():
    assert fizz_buzz(15) == 2

def test_fizz_buzz_20():
    assert fizz_buzz(20) == 1

def test_fizz_buzz_21():
    assert fizz_buzz(21) == 2

def test_fizz_buzz_33():
    assert fizz_buzz(33) == 3

def test_fizz_buzz_34():
    assert fizz_buzz(34) == 3

def test_fizz_buzz_35():
    assert fizz_buzz(35) == 3

def test_fizz_buzz_36():
    assert fizz_buzz(36) == 4

def test_fizz_buzz_40():
    assert fizz_buzz(40) == 2

def test_fizz_buzz_41():
    assert fizz_buzz(41) == 2

def test_fizz_buzz_42():
    assert fizz_buzz(42) == 2

def test_fizz_buzz_43():
    assert fizz_buzz(43) == 2

def test_fizz_buzz_44():
    assert fizz_buzz(44) == 3

def test_fizz_buzz_50():
    assert fizz_buzz(50) == 0

def test_fizz_buzz_51():
    assert fizz_buzz(51) == 0

def test_fizz_buzz_52():
    assert fizz_buzz(52) == 0

def test_fizz_buzz_53():
    assert fizz_buzz(53) == 0

def test_fizz_buzz_54():
    assert fizz_buzz(54) == 0

def test_fizz_buzz_55():
    assert fizz_buzz(55) == 1

def test_fizz_buzz_60():
    assert fizz_buzz(60) == 1

def test_fizz_buzz_61():
    assert fizz_buzz(61) == 1

def test_fizz_buzz_62():
    assert fizz_buzz(62) == 1

def test_fizz_buzz_63():
    assert fizz_buzz(63) == 1

def test_fizz_buzz_64():
    assert fizz_buzz(64) == 1

def test_fizz_buzz_65():
    assert fizz_buzz(65) == 2

def test_fizz_buzz_70():
    assert fizz_buzz(70) == 1

def test_fizz_buzz_71():
    assert fizz_buzz(71) == 1

def test_fizz_buzz_72():
    assert fizz_buzz(72) == 1

def test_fizz_buzz_73():
    assert fizz_buzz(73) == 1

def test_fizz_buzz_74():
    assert fizz_buzz(74) == 1

def test_fizz_buzz_75():
    assert fizz_buzz(75) == 2

def test_fizz_buzz_76():
    assert fizz_buzz(76) == 2

def test_fizz_
processed test file:
import pytest

from HumanEval_36 import *

def test_fizz_buzz_0():
    assert fizz_buzz(0) == 0

def test_fizz_buzz_1():
    assert fizz_buzz(1) == 0

def test_fizz_buzz_11():
    assert fizz_buzz(11) == 1

def test_fizz_buzz_13():
    assert fizz_buzz(13) == 1

def test_fizz_buzz_14():
    assert fizz_buzz(14) == 1

def test_fizz_buzz_15():
    assert fizz_buzz(15) == 2

def test_fizz_buzz_20():
    assert fizz_buzz(20) == 1

def test_fizz_buzz_21():
    assert fizz_buzz(21) == 2

def test_fizz_buzz_33():
    assert fizz_buzz(33) == 3

def test_fizz_buzz_34():
    assert fizz_buzz(34) == 3

def test_fizz_buzz_35():
    assert fizz_buzz(35) == 3

def test_fizz_buzz_36():
    assert fizz_buzz(36) == 4

def test_fizz_buzz_40():
    assert fizz_buzz(40) == 2

def test_fizz_buzz_41():
    assert fizz_buzz(41) == 2

def test_fizz_buzz_42():
    assert fizz_buzz(42) == 2

def test_fizz_buzz_43():
    assert fizz_buzz(43) == 2

def test_fizz_buzz_44():
    assert fizz_buzz(44) == 3

def test_fizz_buzz_50():
    assert fizz_buzz(50) == 0

def test_fizz_buzz_51():
    assert fizz_buzz(51) == 0

def test_fizz_buzz_52():
    assert fizz_buzz(52) == 0

def test_fizz_buzz_53():
    assert fizz_buzz(53) == 0

def test_fizz_buzz_54():
    assert fizz_buzz(54) == 0

def test_fizz_buzz_55():
    assert fizz_buzz(55) == 1

def test_fizz_buzz_60():
    assert fizz_buzz(60) == 1

def test_fizz_buzz_61():
    assert fizz_buzz(61) == 1

def test_fizz_buzz_62():
    assert fizz_buzz(62) == 1

def test_fizz_buzz_63():
    assert fizz_buzz(63) == 1

def test_fizz_buzz_64():
    assert fizz_buzz(64) == 1

def test_fizz_buzz_65():
    assert fizz_buzz(65) == 2

def test_fizz_buzz_70():
    assert fizz_buzz(70) == 1

def test_fizz_buzz_71():
    assert fizz_buzz(71) == 1

def test_fizz_buzz_72():
    assert fizz_buzz(72) == 1

def test_fizz_buzz_73():
    assert fizz_buzz(73) == 1

def test_fizz_buzz_74():
    assert fizz_buzz(74) == 1

def test_fizz_buzz_75():
    assert fizz_buzz(75) == 2

def test_fizz_buzz_76():
    assert fizz_buzz(76) == 2

pytest output:
..FFFFFFFFFFFFFFF.....FFFFFFFFFFFFFF                                     [100%]
=================================== FAILURES ===================================
______________________________ test_fizz_buzz_11 _______________________________
HumanEval_36_test.py:12: in test_fizz_buzz_11
    assert fizz_buzz(11) == 1
E   assert 0 == 1
E    +  where 0 = fizz_buzz(11)
______________________________ test_fizz_buzz_13 _______________________________
HumanEval_36_test.py:15: in test_fizz_buzz_13
    assert fizz_buzz(13) == 1
E   assert 0 == 1
E    +  where 0 = fizz_buzz(13)
______________________________ test_fizz_buzz_14 _______________________________
HumanEval_36_test.py:18: in test_fizz_buzz_14
    assert fizz_buzz(14) == 1
E   assert 0 == 1
E    +  where 0 = fizz_buzz(14)
______________________________ test_fizz_buzz_15 _______________________________
HumanEval_36_test.py:21: in test_fizz_buzz_15
    assert fizz_buzz(15) == 2
E   assert 0 == 2
E    +  where 0 = fizz_buzz(15)
______________________________ test_fizz_buzz_20 _______________________________
HumanEval_36_test.py:24: in test_fizz_buzz_20
    assert fizz_buzz(20) == 1
E   assert 0 == 1
E    +  where 0 = fizz_buzz(20)
______________________________ test_fizz_buzz_21 _______________________________
HumanEval_36_test.py:27: in test_fizz_buzz_21
    assert fizz_buzz(21) == 2
E   assert 0 == 2
E    +  where 0 = fizz_buzz(21)
______________________________ test_fizz_buzz_33 _______________________________
HumanEval_36_test.py:30: in test_fizz_buzz_33
    assert fizz_buzz(33) == 3
E   assert 0 == 3
E    +  where 0 = fizz_buzz(33)
______________________________ test_fizz_buzz_34 _______________________________
HumanEval_36_test.py:33: in test_fizz_buzz_34
    assert fizz_buzz(34) == 3
E   assert 0 == 3
E    +  where 0 = fizz_buzz(34)
______________________________ test_fizz_buzz_35 _______________________________
HumanEval_36_test.py:36: in test_fizz_buzz_35
    assert fizz_buzz(35) == 3
E   assert 0 == 3
E    +  where 0 = fizz_buzz(35)
______________________________ test_fizz_buzz_36 _______________________________
HumanEval_36_test.py:39: in test_fizz_buzz_36
    assert fizz_buzz(36) == 4
E   assert 0 == 4
E    +  where 0 = fizz_buzz(36)
______________________________ test_fizz_buzz_40 _______________________________
HumanEval_36_test.py:42: in test_fizz_buzz_40
    assert fizz_buzz(40) == 2
E   assert 0 == 2
E    +  where 0 = fizz_buzz(40)
______________________________ test_fizz_buzz_41 _______________________________
HumanEval_36_test.py:45: in test_fizz_buzz_41
    assert fizz_buzz(41) == 2
E   assert 0 == 2
E    +  where 0 = fizz_buzz(41)
______________________________ test_fizz_buzz_42 _______________________________
HumanEval_36_test.py:48: in test_fizz_buzz_42
    assert fizz_buzz(42) == 2
E   assert 0 == 2
E    +  where 0 = fizz_buzz(42)
______________________________ test_fizz_buzz_43 _______________________________
HumanEval_36_test.py:51: in test_fizz_buzz_43
    assert fizz_buzz(43) == 2
E   assert 0 == 2
E    +  where 0 = fizz_buzz(43)
______________________________ test_fizz_buzz_44 _______________________________
HumanEval_36_test.py:54: in test_fizz_buzz_44
    assert fizz_buzz(44) == 3
E   assert 0 == 3
E    +  where 0 = fizz_buzz(44)
______________________________ test_fizz_buzz_55 _______________________________
HumanEval_36_test.py:72: in test_fizz_buzz_55
    assert fizz_buzz(55) == 1
E   assert 0 == 1
E    +  where 0 = fizz_buzz(55)
______________________________ test_fizz_buzz_60 _______________________________
HumanEval_36_test.py:75: in test_fizz_buzz_60
    assert fizz_buzz(60) == 1
E   assert 0 == 1
E    +  where 0 = fizz_buzz(60)
______________________________ test_fizz_buzz_61 _______________________________
HumanEval_36_test.py:78: in test_fizz_buzz_61
    assert fizz_buzz(61) == 1
E   assert 0 == 1
E    +  where 0 = fizz_buzz(61)
______________________________ test_fizz_buzz_62 _______________________________
HumanEval_36_test.py:81: in test_fizz_buzz_62
    assert fizz_buzz(62) == 1
E   assert 0 == 1
E    +  where 0 = fizz_buzz(62)
______________________________ test_fizz_buzz_63 _______________________________
HumanEval_36_test.py:84: in test_fizz_buzz_63
    assert fizz_buzz(63) == 1
E   assert 0 == 1
E    +  where 0 = fizz_buzz(63)
______________________________ test_fizz_buzz_64 _______________________________
HumanEval_36_test.py:87: in test_fizz_buzz_64
    assert fizz_buzz(64) == 1
E   assert 0 == 1
E    +  where 0 = fizz_buzz(64)
______________________________ test_fizz_buzz_65 _______________________________
HumanEval_36_test.py:90: in test_fizz_buzz_65
    assert fizz_buzz(65) == 2
E   assert 0 == 2
E    +  where 0 = fizz_buzz(65)
______________________________ test_fizz_buzz_70 _______________________________
HumanEval_36_test.py:93: in test_fizz_buzz_70
    assert fizz_buzz(70) == 1
E   assert 0 == 1
E    +  where 0 = fizz_buzz(70)
______________________________ test_fizz_buzz_71 _______________________________
HumanEval_36_test.py:96: in test_fizz_buzz_71
    assert fizz_buzz(71) == 1
E   assert 0 == 1
E    +  where 0 = fizz_buzz(71)
______________________________ test_fizz_buzz_72 _______________________________
HumanEval_36_test.py:99: in test_fizz_buzz_72
    assert fizz_buzz(72) == 1
E   assert 0 == 1
E    +  where 0 = fizz_buzz(72)
______________________________ test_fizz_buzz_73 _______________________________
HumanEval_36_test.py:102: in test_fizz_buzz_73
    assert fizz_buzz(73) == 1
E   assert 0 == 1
E    +  where 0 = fizz_buzz(73)
______________________________ test_fizz_buzz_74 _______________________________
HumanEval_36_test.py:105: in test_fizz_buzz_74
    assert fizz_buzz(74) == 1
E   assert 0 == 1
E    +  where 0 = fizz_buzz(74)
______________________________ test_fizz_buzz_75 _______________________________
HumanEval_36_test.py:108: in test_fizz_buzz_75
    assert fizz_buzz(75) == 2
E   assert 0 == 2
E    +  where 0 = fizz_buzz(75)
______________________________ test_fizz_buzz_76 _______________________________
HumanEval_36_test.py:111: in test_fizz_buzz_76
    assert fizz_buzz(76) == 2
E   assert 0 == 2
E    +  where 0 = fizz_buzz(76)
================================ tests coverage ================================
_______________ coverage: platform linux, python 3.13.15-final-0 _______________

Coverage JSON written to file /content/CS598JBR-Team-1/MP2/Coverage/HumanEval_36_test_crafted.json
=========================== short test summary info ============================
FAILED HumanEval_36_test.py::test_fizz_buzz_11 - assert 0 == 1
FAILED HumanEval_36_test.py::test_fizz_buzz_13 - assert 0 == 1
FAILED HumanEval_36_test.py::test_fizz_buzz_14 - assert 0 == 1
FAILED HumanEval_36_test.py::test_fizz_buzz_15 - assert 0 == 2
FAILED HumanEval_36_test.py::test_fizz_buzz_20 - assert 0 == 1
FAILED HumanEval_36_test.py::test_fizz_buzz_21 - assert 0 == 2
FAILED HumanEval_36_test.py::test_fizz_buzz_33 - assert 0 == 3
FAILED HumanEval_36_test.py::test_fizz_buzz_34 - assert 0 == 3
FAILED HumanEval_36_test.py::test_fizz_buzz_35 - assert 0 == 3
FAILED HumanEval_36_test.py::test_fizz_buzz_36 - assert 0 == 4
FAILED HumanEval_36_test.py::test_fizz_buzz_40 - assert 0 == 2
FAILED HumanEval_36_test.py::test_fizz_buzz_41 - assert 0 == 2
FAILED HumanEval_36_test.py::test_fizz_buzz_42 - assert 0 == 2
FAILED HumanEval_36_test.py::test_fizz_buzz_43 - assert 0 == 2
FAILED HumanEval_36_test.py::test_fizz_buzz_44 - assert 0 == 3
FAILED HumanEval_36_test.py::test_fizz_buzz_55 - assert 0 == 1
FAILED HumanEval_36_test.py::test_fizz_buzz_60 - assert 0 == 1
FAILED HumanEval_36_test.py::test_fizz_buzz_61 - assert 0 == 1
FAILED HumanEval_36_test.py::test_fizz_buzz_62 - assert 0 == 1
FAILED HumanEval_36_test.py::test_fizz_buzz_63 - assert 0 == 1
FAILED HumanEval_36_test.py::test_fizz_buzz_64 - assert 0 == 1
FAILED HumanEval_36_test.py::test_fizz_buzz_65 - assert 0 == 2
FAILED HumanEval_36_test.py::test_fizz_buzz_70 - assert 0 == 1
FAILED HumanEval_36_test.py::test_fizz_buzz_71 - assert 0 == 1
FAILED HumanEval_36_test.py::test_fizz_buzz_72 - assert 0 == 1
FAILED HumanEval_36_test.py::test_fizz_buzz_73 - assert 0 == 1
FAILED HumanEval_36_test.py::test_fizz_buzz_74 - assert 0 == 1
FAILED HumanEval_36_test.py::test_fizz_buzz_75 - assert 0 == 2
FAILED HumanEval_36_test.py::test_fizz_buzz_76 - assert 0 == 2
29 failed, 7 passed in 0.26s

tests: {'tests_total': 36, 'tests_passed': 7, 'tests_failed': 29, 'tests_errored': 0, 'tests_skipped': 0}
coverage:
100.0

Task_ID HumanEval/70:
prompt:
You are an AI programming assistant. You are an AI programming assistant, utilizing the DeepSeek Coder model, developed by DeepSeek Company, and you only answer questions related to computer science. For politically sensitive questions, security and privacy issues, and other non-computer science questions, you will refuse to answer.
### Instruction:
Generate a pytest test suite for the function `strange_sort_list` below.

The code is saved in a module named `HumanEval_70`. Start the test file with:
from HumanEval_70 import *

Follow these steps:
1. Read the docstring carefully. It is the specification: every example in it must become a test with exactly the expected value it states.
2. Go through the code line by line and list every branch (each if/elif/else, loop, early return, and edge case such as empty input, a single element, zero, negative numbers, and boundary values).
3. Write at least one test for every branch you listed, so that together the tests execute every line of the code.
4. Compute each expected value by tracing the code by hand for that input. Do not guess. Only test inputs that the specification allows; do not test invalid types or inputs that the code is not designed to handle.

Rules for the output:
- Output a single ```python code block containing only the test file.
- Do not copy or redefine `strange_sort_list` or any other function from the code; import them as shown above.
- Write each test as a separate function whose name starts with `test_`, with a short descriptive name.

The code:
```python
def strange_sort_list(lst):
    '''
    Given list of integers, return list in strange order.
    Strange sorting, is when you start with the minimum value,
    then maximum of the remaining integers, then minimum and so on.

    Examples:
    strange_sort_list([1, 2, 3, 4]) == [1, 4, 2, 3]
    strange_sort_list([5, 5, 5, 5]) == [5, 5, 5, 5]
    strange_sort_list([]) == []
    '''
    res, switch = [], True
    while lst:
        res.append(min(lst) if switch else max(lst))
        lst.remove(res[-1])
        switch = not switch
    return res
```
### Response:

response:
```python
from HumanEval_70 import *

def test_strange_sort_list_example1():
    assert strange_sort_list([1, 2, 3, 4]) == [1, 4, 2, 3]

def test_strange_sort_list_example2():
    assert strange_sort_list([5, 5, 5, 5]) == [5, 5, 5, 5]

def test_strange_sort_list_empty():
    assert strange_sort_list([]) == []

def test_strange_sort_list_single_element():
    assert strange_sort_list([1]) == [1]

def test_strange_sort_list_zero():
    assert strange_sort_list([0, 0, 0, 0]) == [0, 0, 0, 0]

def test_strange_sort_list_negative():
    assert strange_sort_list([-1, -2, -3, -4]) == [-1, -4, -2, -3]

def test_strange_sort_list_boundary():
    assert strange_sort_list([1000000, -1000000, 0]) == [1000000, 0, -1000000]
```

processed test file:
import pytest

from HumanEval_70 import *

def test_strange_sort_list_example1():
    assert strange_sort_list([1, 2, 3, 4]) == [1, 4, 2, 3]

def test_strange_sort_list_example2():
    assert strange_sort_list([5, 5, 5, 5]) == [5, 5, 5, 5]

def test_strange_sort_list_empty():
    assert strange_sort_list([]) == []

def test_strange_sort_list_single_element():
    assert strange_sort_list([1]) == [1]

def test_strange_sort_list_zero():
    assert strange_sort_list([0, 0, 0, 0]) == [0, 0, 0, 0]

def test_strange_sort_list_negative():
    assert strange_sort_list([-1, -2, -3, -4]) == [-1, -4, -2, -3]

def test_strange_sort_list_boundary():
    assert strange_sort_list([1000000, -1000000, 0]) == [1000000, 0, -1000000]

pytest output:
.....FF                                                                  [100%]
=================================== FAILURES ===================================
_______________________ test_strange_sort_list_negative ________________________
HumanEval_70_test.py:21: in test_strange_sort_list_negative
    assert strange_sort_list([-1, -2, -3, -4]) == [-1, -4, -2, -3]
E   assert [-4, -1, -3, -2] == [-1, -4, -2, -3]
E     
E     At index 0 diff: -4 != -1
E     Use -v to get more diff
_______________________ test_strange_sort_list_boundary ________________________
HumanEval_70_test.py:24: in test_strange_sort_list_boundary
    assert strange_sort_list([1000000, -1000000, 0]) == [1000000, 0, -1000000]
E   assert [-1000000, 1000000, 0] == [1000000, 0, -1000000]
E     
E     At index 0 diff: -1000000 != 1000000
E     Use -v to get more diff
================================ tests coverage ================================
_______________ coverage: platform linux, python 3.13.15-final-0 _______________

Coverage JSON written to file /content/CS598JBR-Team-1/MP2/Coverage/HumanEval_70_test_crafted.json
=========================== short test summary info ============================
FAILED HumanEval_70_test.py::test_strange_sort_list_negative - assert [-4, -1...
FAILED HumanEval_70_test.py::test_strange_sort_list_boundary - assert [-10000...
2 failed, 5 passed in 0.07s

tests: {'tests_total': 7, 'tests_passed': 5, 'tests_failed': 2, 'tests_errored': 0, 'tests_skipped': 0}
coverage:
100.0

Task_ID HumanEval/88:
prompt:
You are an AI programming assistant. You are an AI programming assistant, utilizing the DeepSeek Coder model, developed by DeepSeek Company, and you only answer questions related to computer science. For politically sensitive questions, security and privacy issues, and other non-computer science questions, you will refuse to answer.
### Instruction:
Generate a pytest test suite for the function `sort_array` below.

The code is saved in a module named `HumanEval_88`. Start the test file with:
from HumanEval_88 import *

Follow these steps:
1. Read the docstring carefully. It is the specification: every example in it must become a test with exactly the expected value it states.
2. Go through the code line by line and list every branch (each if/elif/else, loop, early return, and edge case such as empty input, a single element, zero, negative numbers, and boundary values).
3. Write at least one test for every branch you listed, so that together the tests execute every line of the code.
4. Compute each expected value by tracing the code by hand for that input. Do not guess. Only test inputs that the specification allows; do not test invalid types or inputs that the code is not designed to handle.

Rules for the output:
- Output a single ```python code block containing only the test file.
- Do not copy or redefine `sort_array` or any other function from the code; import them as shown above.
- Write each test as a separate function whose name starts with `test_`, with a short descriptive name.

The code:
```python
def sort_array(array):
    """
    Given an array of non-negative integers, return a copy of the given array after sorting,
    you will sort the given array in ascending order if the sum( first index value, last index value) is odd,
    or sort it in descending order if the sum( first index value, last index value) is even.

    Note:
    * don't change the given array.

    Examples:
    * sort_array([]) => []
    * sort_array([5]) => [5]
    * sort_array([2, 4, 3, 0, 1, 5]) => [0, 1, 2, 3, 4, 5]
    * sort_array([2, 4, 3, 0, 1, 5, 6]) => [6, 5, 4, 3, 2, 1, 0]
    """
    return [] if len(array) == 0 else sorted(array, reverse= (array[0]+array[-1]) % 2 == 0)
```
### Response:

response:
```python
from HumanEval_88 import *

def test_empty_array():
    assert sort_array([]) == []

def test_single_element_array():
    assert sort_array([5]) == [5]

def test_even_sum_array():
    assert sort_array([2, 4, 3, 0, 1, 5]) == [0, 1, 2, 3, 4, 5]

def test_odd_sum_array():
    assert sort_array([2, 4, 3, 0, 1, 5, 6]) == [6, 5, 4, 3, 2, 1, 0]

def test_negative_numbers():
    assert sort_array([-2, -4, -3, -1, -5]) == [-5, -4, -3, -2, -1]

def test_zero():
    assert sort_array([0, 2, 4, 3, 1, 5]) == [0, 1, 2, 3, 4, 5]

def test_boundary_values():
    assert sort_array([10, 20, 30, 40, 50]) == [10, 20, 30, 40, 50]
    assert sort_array([50, 40, 30, 20, 10]) == [10, 20, 30, 40, 50]
```

processed test file:
import pytest

from HumanEval_88 import *

def test_empty_array():
    assert sort_array([]) == []

def test_single_element_array():
    assert sort_array([5]) == [5]

def test_even_sum_array():
    assert sort_array([2, 4, 3, 0, 1, 5]) == [0, 1, 2, 3, 4, 5]

def test_odd_sum_array():
    assert sort_array([2, 4, 3, 0, 1, 5, 6]) == [6, 5, 4, 3, 2, 1, 0]

def test_negative_numbers():
    assert sort_array([-2, -4, -3, -1, -5]) == [-5, -4, -3, -2, -1]

def test_zero():
    assert sort_array([0, 2, 4, 3, 1, 5]) == [0, 1, 2, 3, 4, 5]

def test_boundary_values():
    assert sort_array([10, 20, 30, 40, 50]) == [10, 20, 30, 40, 50]
    assert sort_array([50, 40, 30, 20, 10]) == [10, 20, 30, 40, 50]

pytest output:
......F                                                                  [100%]
=================================== FAILURES ===================================
_____________________________ test_boundary_values _____________________________
HumanEval_88_test.py:24: in test_boundary_values
    assert sort_array([10, 20, 30, 40, 50]) == [10, 20, 30, 40, 50]
E   assert [50, 40, 30, 20, 10] == [10, 20, 30, 40, 50]
E     
E     At index 0 diff: 50 != 10
E     Use -v to get more diff
================================ tests coverage ================================
_______________ coverage: platform linux, python 3.13.15-final-0 _______________

Coverage JSON written to file /content/CS598JBR-Team-1/MP2/Coverage/HumanEval_88_test_crafted.json
=========================== short test summary info ============================
FAILED HumanEval_88_test.py::test_boundary_values - assert [50, 40, 30, 20, 1...
1 failed, 6 passed in 0.05s

tests: {'tests_total': 7, 'tests_passed': 6, 'tests_failed': 1, 'tests_errored': 0, 'tests_skipped': 0}
coverage:
100.0

Task_ID HumanEval/136:
prompt:
You are an AI programming assistant. You are an AI programming assistant, utilizing the DeepSeek Coder model, developed by DeepSeek Company, and you only answer questions related to computer science. For politically sensitive questions, security and privacy issues, and other non-computer science questions, you will refuse to answer.
### Instruction:
Generate a pytest test suite for the function `largest_smallest_integers` below.

The code is saved in a module named `HumanEval_136`. Start the test file with:
from HumanEval_136 import *

Follow these steps:
1. Read the docstring carefully. It is the specification: every example in it must become a test with exactly the expected value it states.
2. Go through the code line by line and list every branch (each if/elif/else, loop, early return, and edge case such as empty input, a single element, zero, negative numbers, and boundary values).
3. Write at least one test for every branch you listed, so that together the tests execute every line of the code.
4. Compute each expected value by tracing the code by hand for that input. Do not guess. Only test inputs that the specification allows; do not test invalid types or inputs that the code is not designed to handle.

Rules for the output:
- Output a single ```python code block containing only the test file.
- Do not copy or redefine `largest_smallest_integers` or any other function from the code; import them as shown above.
- Write each test as a separate function whose name starts with `test_`, with a short descriptive name.

The code:
```python
def largest_smallest_integers(lst):
    '''
    Create a function that returns a tuple (a, b), where 'a' is
    the largest of negative integers, and 'b' is the smallest
    of positive integers in a list.
    If there is no negative or positive integers, return them as None.

    Examples:
    largest_smallest_integers([2, 4, 1, 3, 5, 7]) == (None, 1)
    largest_smallest_integers([]) == (None, None)
    largest_smallest_integers([0]) == (None, None)
    '''
    smallest = list(filter(lambda x: x < 0, lst))
    largest = list(filter(lambda x: x > 0, lst))
    return (max(smallest) if smallest else None, min(largest) if largest else None)
```
### Response:

response:
```python
from HumanEval_136 import *

def test_largest_smallest_integers():
    # Test with a list of integers
    assert largest_smallest_integers([2, 4, 1, 3, 5, 7]) == (None, 1)
    # Test with an empty list
    assert largest_smallest_integers([]) == (None, None)
    # Test with a list containing a single integer
    assert largest_smallest_integers([0]) == (None, None)
    # Test with a list containing negative integers
    assert largest_smallest_integers([-2, -4, -1, -3, -5, -7]) == (-1, None)
    # Test with a list containing positive integers
    assert largest_smallest_integers([2, 4, 1, 3, 5, 7]) == (None, 1)
    # Test with a list containing both negative and positive integers
    assert largest_smallest_integers([-2, 4, -1, 3, -5, 7]) == (-2, 3)
    # Test with a list containing negative and positive integers with zero
    assert largest_smallest_integers([-2, 0, 4, -1, 3, 0, 7]) == (-1, 3)
    # Test with a list containing negative and positive integers with negative boundary values
    assert largest_smallest_integers([-2147483648, 4, -1, 3, -5, 7]) == (-2147483648, 3)
    # Test with a list containing negative and positive integers with positive boundary values
    assert largest_smallest_integers([2147483647, 4, -1, 3, -5, 7]) == (None, 1)
```

processed test file:
import pytest

from HumanEval_136 import *

def test_largest_smallest_integers():
    assert largest_smallest_integers([2, 4, 1, 3, 5, 7]) == (None, 1)
    assert largest_smallest_integers([]) == (None, None)
    assert largest_smallest_integers([0]) == (None, None)
    assert largest_smallest_integers([-2, -4, -1, -3, -5, -7]) == (-1, None)
    assert largest_smallest_integers([2, 4, 1, 3, 5, 7]) == (None, 1)
    assert largest_smallest_integers([-2, 4, -1, 3, -5, 7]) == (-2, 3)
    assert largest_smallest_integers([-2, 0, 4, -1, 3, 0, 7]) == (-1, 3)
    assert largest_smallest_integers([-2147483648, 4, -1, 3, -5, 7]) == (-2147483648, 3)
    assert largest_smallest_integers([2147483647, 4, -1, 3, -5, 7]) == (None, 1)

pytest output:
F                                                                        [100%]
=================================== FAILURES ===================================
________________________ test_largest_smallest_integers ________________________
HumanEval_136_test.py:11: in test_largest_smallest_integers
    assert largest_smallest_integers([-2, 4, -1, 3, -5, 7]) == (-2, 3)
E   assert (-1, 3) == (-2, 3)
E     
E     At index 0 diff: -1 != -2
E     Use -v to get more diff
================================ tests coverage ================================
_______________ coverage: platform linux, python 3.13.15-final-0 _______________

Coverage JSON written to file /content/CS598JBR-Team-1/MP2/Coverage/HumanEval_136_test_crafted.json
=========================== short test summary info ============================
FAILED HumanEval_136_test.py::test_largest_smallest_integers - assert (-1, 3)...
1 failed in 0.04s

tests: {'tests_total': 1, 'tests_passed': 0, 'tests_failed': 1, 'tests_errored': 0, 'tests_skipped': 0}
coverage:
100.0

Task_ID HumanEval/149:
prompt:
You are an AI programming assistant. You are an AI programming assistant, utilizing the DeepSeek Coder model, developed by DeepSeek Company, and you only answer questions related to computer science. For politically sensitive questions, security and privacy issues, and other non-computer science questions, you will refuse to answer.
### Instruction:
Generate a pytest test suite for the function `sorted_list_sum` below.

The code is saved in a module named `HumanEval_149`. Start the test file with:
from HumanEval_149 import *

Follow these steps:
1. Read the docstring carefully. It is the specification: every example in it must become a test with exactly the expected value it states.
2. Go through the code line by line and list every branch (each if/elif/else, loop, early return, and edge case such as empty input, a single element, zero, negative numbers, and boundary values).
3. Write at least one test for every branch you listed, so that together the tests execute every line of the code.
4. Compute each expected value by tracing the code by hand for that input. Do not guess. Only test inputs that the specification allows; do not test invalid types or inputs that the code is not designed to handle.

Rules for the output:
- Output a single ```python code block containing only the test file.
- Do not copy or redefine `sorted_list_sum` or any other function from the code; import them as shown above.
- Write each test as a separate function whose name starts with `test_`, with a short descriptive name.

The code:
```python
def sorted_list_sum(lst):
    """Write a function that accepts a list of strings as a parameter,
    deletes the strings that have odd lengths from it,
    and returns the resulted list with a sorted order,
    The list is always a list of strings and never an array of numbers,
    and it may contain duplicates.
    The order of the list should be ascending by length of each word, and you
    should return the list sorted by that rule.
    If two words have the same length, sort the list alphabetically.
    The function should return a list of strings in sorted order.
    You may assume that all words will have the same length.
    For example:
    assert list_sort(["aa", "a", "aaa"]) => ["aa"]
    assert list_sort(["ab", "a", "aaa", "cd"]) => ["ab", "cd"]
    """
    lst.sort()
    new_lst = []
    for i in lst:
        if len(i)%2 == 0:
            new_lst.append(i)
    return sorted(new_lst, key=len)
```
### Response:

response:
```python
from HumanEval_149 import *

def test_empty_list():
    assert sorted_list_sum([]) == []

def test_single_element():
    assert sorted_list_sum(["aa"]) == ["aa"]

def test_zero_length():
    assert sorted_list_sum(["aa", "", "aaa"]) == ["", "aa"]

def test_negative_length():
    assert sorted_list_sum(["aa", "a", "aaa"]) == ["aa"]

def test_negative_length_2():
    assert sortedlist_sum(["ab", "a", "aaa", "cd"]) == ["ab", "cd"]

def test_duplicates():
    assert sorted_list_sum(["aa", "aa", "aaa"]) == ["aa", "aaa"]

def test_boundary_values():
    assert sorted_list_sum(["aa", "a", "aaa", "cd"]) == ["a", "aa", "cd"]

def test_boundary_values_2():
    assert sorted_list_sum(["aa", "aa", "aaa", "cd"]) == ["aa", "aaa", "cd"]

def test_boundary_values_3():
    assert sorted_list_sum(["aa", "a", "aaa", "cd"]) == ["a", "aa", "cd"]

def test_boundary_values_4():
    assert sorted_list_sum(["aa", "aa", "aaa", "cd"]) == ["aa", "aaa", "cd"]

def test_boundary_values_5():
    assert sorted_list_sum(["aa", "a", "aaa", "cd"]) == ["a", "aa", "cd"]

def test_boundary_values_6():
    assert sorted_list_sum(["aa", "aa", "aaa", "cd"]) == ["aa", "aaa", "cd"]

def test_boundary_values_7():
    assert sorted_list_sum(["aa", "a", "aaa", "cd"]) == ["a", "aa", "cd"]

def test_boundary_values_8():
    assert sorted_list_sum(["aa", "aa", "aaa", "cd"]) == ["aa", "aaa", "cd"]

def test_boundary_values_9():
    assert sorted_list_sum(["aa", "a", "aaa", "cd"]) == ["a", "aa", "cd"]

def test_boundary_values_10():
    assert sorted_list_sum(["aa", "aa", "aaa", "cd"]) == ["aa", "aaa", "cd"]
```

processed test file:
import pytest

from HumanEval_149 import *

def test_empty_list():
    assert sorted_list_sum([]) == []

def test_single_element():
    assert sorted_list_sum(['aa']) == ['aa']

def test_zero_length():
    assert sorted_list_sum(['aa', '', 'aaa']) == ['', 'aa']

def test_negative_length():
    assert sorted_list_sum(['aa', 'a', 'aaa']) == ['aa']

def test_negative_length_2():
    assert sortedlist_sum(['ab', 'a', 'aaa', 'cd']) == ['ab', 'cd']

def test_duplicates():
    assert sorted_list_sum(['aa', 'aa', 'aaa']) == ['aa', 'aaa']

def test_boundary_values():
    assert sorted_list_sum(['aa', 'a', 'aaa', 'cd']) == ['a', 'aa', 'cd']

def test_boundary_values_2():
    assert sorted_list_sum(['aa', 'aa', 'aaa', 'cd']) == ['aa', 'aaa', 'cd']

def test_boundary_values_3():
    assert sorted_list_sum(['aa', 'a', 'aaa', 'cd']) == ['a', 'aa', 'cd']

def test_boundary_values_4():
    assert sorted_list_sum(['aa', 'aa', 'aaa', 'cd']) == ['aa', 'aaa', 'cd']

def test_boundary_values_5():
    assert sorted_list_sum(['aa', 'a', 'aaa', 'cd']) == ['a', 'aa', 'cd']

def test_boundary_values_6():
    assert sorted_list_sum(['aa', 'aa', 'aaa', 'cd']) == ['aa', 'aaa', 'cd']

def test_boundary_values_7():
    assert sorted_list_sum(['aa', 'a', 'aaa', 'cd']) == ['a', 'aa', 'cd']

def test_boundary_values_8():
    assert sorted_list_sum(['aa', 'aa', 'aaa', 'cd']) == ['aa', 'aaa', 'cd']

def test_boundary_values_9():
    assert sorted_list_sum(['aa', 'a', 'aaa', 'cd']) == ['a', 'aa', 'cd']

def test_boundary_values_10():
    assert sorted_list_sum(['aa', 'aa', 'aaa', 'cd']) == ['aa', 'aaa', 'cd']

pytest output:
....FFFFFFFFFFFF                                                         [100%]
=================================== FAILURES ===================================
____________________________ test_negative_length_2 ____________________________
HumanEval_149_test.py:18: in test_negative_length_2
    assert sortedlist_sum(['ab', 'a', 'aaa', 'cd']) == ['ab', 'cd']
           ^^^^^^^^^^^^^^
E   NameError: name 'sortedlist_sum' is not defined
_______________________________ test_duplicates ________________________________
HumanEval_149_test.py:21: in test_duplicates
    assert sorted_list_sum(['aa', 'aa', 'aaa']) == ['aa', 'aaa']
E   AssertionError: assert ['aa', 'aa'] == ['aa', 'aaa']
E     
E     At index 1 diff: 'aa' != 'aaa'
E     Use -v to get more diff
_____________________________ test_boundary_values _____________________________
HumanEval_149_test.py:24: in test_boundary_values
    assert sorted_list_sum(['aa', 'a', 'aaa', 'cd']) == ['a', 'aa', 'cd']
E   AssertionError: assert ['aa', 'cd'] == ['a', 'aa', 'cd']
E     
E     At index 0 diff: 'aa' != 'a'
E     Right contains one more item: 'cd'
E     Use -v to get more diff
____________________________ test_boundary_values_2 ____________________________
HumanEval_149_test.py:27: in test_boundary_values_2
    assert sorted_list_sum(['aa', 'aa', 'aaa', 'cd']) == ['aa', 'aaa', 'cd']
E   AssertionError: assert ['aa', 'aa', 'cd'] == ['aa', 'aaa', 'cd']
E     
E     At index 1 diff: 'aa' != 'aaa'
E     Use -v to get more diff
____________________________ test_boundary_values_3 ____________________________
HumanEval_149_test.py:30: in test_boundary_values_3
    assert sorted_list_sum(['aa', 'a', 'aaa', 'cd']) == ['a', 'aa', 'cd']
E   AssertionError: assert ['aa', 'cd'] == ['a', 'aa', 'cd']
E     
E     At index 0 diff: 'aa' != 'a'
E     Right contains one more item: 'cd'
E     Use -v to get more diff
____________________________ test_boundary_values_4 ____________________________
HumanEval_149_test.py:33: in test_boundary_values_4
    assert sorted_list_sum(['aa', 'aa', 'aaa', 'cd']) == ['aa', 'aaa', 'cd']
E   AssertionError: assert ['aa', 'aa', 'cd'] == ['aa', 'aaa', 'cd']
E     
E     At index 1 diff: 'aa' != 'aaa'
E     Use -v to get more diff
____________________________ test_boundary_values_5 ____________________________
HumanEval_149_test.py:36: in test_boundary_values_5
    assert sorted_list_sum(['aa', 'a', 'aaa', 'cd']) == ['a', 'aa', 'cd']
E   AssertionError: assert ['aa', 'cd'] == ['a', 'aa', 'cd']
E     
E     At index 0 diff: 'aa' != 'a'
E     Right contains one more item: 'cd'
E     Use -v to get more diff
____________________________ test_boundary_values_6 ____________________________
HumanEval_149_test.py:39: in test_boundary_values_6
    assert sorted_list_sum(['aa', 'aa', 'aaa', 'cd']) == ['aa', 'aaa', 'cd']
E   AssertionError: assert ['aa', 'aa', 'cd'] == ['aa', 'aaa', 'cd']
E     
E     At index 1 diff: 'aa' != 'aaa'
E     Use -v to get more diff
____________________________ test_boundary_values_7 ____________________________
HumanEval_149_test.py:42: in test_boundary_values_7
    assert sorted_list_sum(['aa', 'a', 'aaa', 'cd']) == ['a', 'aa', 'cd']
E   AssertionError: assert ['aa', 'cd'] == ['a', 'aa', 'cd']
E     
E     At index 0 diff: 'aa' != 'a'
E     Right contains one more item: 'cd'
E     Use -v to get more diff
____________________________ test_boundary_values_8 ____________________________
HumanEval_149_test.py:45: in test_boundary_values_8
    assert sorted_list_sum(['aa', 'aa', 'aaa', 'cd']) == ['aa', 'aaa', 'cd']
E   AssertionError: assert ['aa', 'aa', 'cd'] == ['aa', 'aaa', 'cd']
E     
E     At index 1 diff: 'aa' != 'aaa'
E     Use -v to get more diff
____________________________ test_boundary_values_9 ____________________________
HumanEval_149_test.py:48: in test_boundary_values_9
    assert sorted_list_sum(['aa', 'a', 'aaa', 'cd']) == ['a', 'aa', 'cd']
E   AssertionError: assert ['aa', 'cd'] == ['a', 'aa', 'cd']
E     
E     At index 0 diff: 'aa' != 'a'
E     Right contains one more item: 'cd'
E     Use -v to get more diff
___________________________ test_boundary_values_10 ____________________________
HumanEval_149_test.py:51: in test_boundary_values_10
    assert sorted_list_sum(['aa', 'aa', 'aaa', 'cd']) == ['aa', 'aaa', 'cd']
E   AssertionError: assert ['aa', 'aa', 'cd'] == ['aa', 'aaa', 'cd']
E     
E     At index 1 diff: 'aa' != 'aaa'
E     Use -v to get more diff
================================ tests coverage ================================
_______________ coverage: platform linux, python 3.13.15-final-0 _______________

Coverage JSON written to file /content/CS598JBR-Team-1/MP2/Coverage/HumanEval_149_test_crafted.json
=========================== short test summary info ============================
FAILED HumanEval_149_test.py::test_negative_length_2 - NameError: name 'sorte...
FAILED HumanEval_149_test.py::test_duplicates - AssertionError: assert ['aa',...
FAILED HumanEval_149_test.py::test_boundary_values - AssertionError: assert [...
FAILED HumanEval_149_test.py::test_boundary_values_2 - AssertionError: assert...
FAILED HumanEval_149_test.py::test_boundary_values_3 - AssertionError: assert...
FAILED HumanEval_149_test.py::test_boundary_values_4 - AssertionError: assert...
FAILED HumanEval_149_test.py::test_boundary_values_5 - AssertionError: assert...
FAILED HumanEval_149_test.py::test_boundary_values_6 - AssertionError: assert...
FAILED HumanEval_149_test.py::test_boundary_values_7 - AssertionError: assert...
FAILED HumanEval_149_test.py::test_boundary_values_8 - AssertionError: assert...
FAILED HumanEval_149_test.py::test_boundary_values_9 - AssertionError: assert...
FAILED HumanEval_149_test.py::test_boundary_values_10 - AssertionError: asser...
12 failed, 4 passed in 0.12s

tests: {'tests_total': 16, 'tests_passed': 4, 'tests_failed': 12, 'tests_errored': 0, 'tests_skipped': 0}
coverage:
100.0

Task_ID HumanEval/122:
prompt:
You are an AI programming assistant. You are an AI programming assistant, utilizing the DeepSeek Coder model, developed by DeepSeek Company, and you only answer questions related to computer science. For politically sensitive questions, security and privacy issues, and other non-computer science questions, you will refuse to answer.
### Instruction:
Generate a pytest test suite for the function `add_elements` below.

The code is saved in a module named `HumanEval_122`. Start the test file with:
from HumanEval_122 import *

Follow these steps:
1. Read the docstring carefully. It is the specification: every example in it must become a test with exactly the expected value it states.
2. Go through the code line by line and list every branch (each if/elif/else, loop, early return, and edge case such as empty input, a single element, zero, negative numbers, and boundary values).
3. Write at least one test for every branch you listed, so that together the tests execute every line of the code.
4. Compute each expected value by tracing the code by hand for that input. Do not guess. Only test inputs that the specification allows; do not test invalid types or inputs that the code is not designed to handle.

Rules for the output:
- Output a single ```python code block containing only the test file.
- Do not copy or redefine `add_elements` or any other function from the code; import them as shown above.
- Write each test as a separate function whose name starts with `test_`, with a short descriptive name.

The code:
```python
def add_elements(arr, k):
    """
    Given a non-empty array of integers arr and an integer k, return
    the sum of the elements with at most two digits from the first k elements of arr.

    Example:

        Input: arr = [111,21,3,4000,5,6,7,8,9], k = 4
        Output: 24 # sum of 21 + 3

    Constraints:
        1. 1 <= len(arr) <= 100
        2. 1 <= k <= len(arr)
    """
    return sum(elem for elem in arr[:k] if len(str(elem)) <= 2)
```
### Response:

response:
```python
from HumanEval_122 import *

def test_add_elements_with_multiple_elements():
    assert add_elements([111,21,3,4000,5,6,7,8,9], 4) == 24

def test_add_elements_with_single_element():
    assert add_elements([1], 1) == 1

def test_add_elements_with_zero():
    assert addadd_elements([0, 1, 2, 3, 4], 5) == 10

def test_add_elements_with_negative_numbers():
    assert add_elements([-1, -2, 3, 4], 4) == 5

def test_add_elements_with_boundary_values():
    assert add_elements([100, 200, 300, 400], 4) == 1000

def test_add_elements_with_large_numbers():
    assert add_elements([1111, 2222, 3333, 4444], 4) == 10000

def test_add_elements_with_no_elements():
    assert add_elements([], 0) == 0
```

processed test file:
import pytest

from HumanEval_122 import *

def test_add_elements_with_multiple_elements():
    assert add_elements([111, 21, 3, 4000, 5, 6, 7, 8, 9], 4) == 24

def test_add_elements_with_single_element():
    assert add_elements([1], 1) == 1

def test_add_elements_with_zero():
    assert addadd_elements([0, 1, 2, 3, 4], 5) == 10

def test_add_elements_with_negative_numbers():
    assert add_elements([-1, -2, 3, 4], 4) == 5

def test_add_elements_with_boundary_values():
    assert add_elements([100, 200, 300, 400], 4) == 1000

def test_add_elements_with_large_numbers():
    assert add_elements([1111, 2222, 3333, 4444], 4) == 10000

def test_add_elements_with_no_elements():
    assert add_elements([], 0) == 0

pytest output:
..FFFF.                                                                  [100%]
=================================== FAILURES ===================================
_________________________ test_add_elements_with_zero __________________________
HumanEval_122_test.py:12: in test_add_elements_with_zero
    assert addadd_elements([0, 1, 2, 3, 4], 5) == 10
           ^^^^^^^^^^^^^^^
E   NameError: name 'addadd_elements' is not defined
___________________ test_add_elements_with_negative_numbers ____________________
HumanEval_122_test.py:15: in test_add_elements_with_negative_numbers
    assert add_elements([-1, -2, 3, 4], 4) == 5
E   assert 4 == 5
E    +  where 4 = add_elements([-1, -2, 3, 4], 4)
____________________ test_add_elements_with_boundary_values ____________________
HumanEval_122_test.py:18: in test_add_elements_with_boundary_values
    assert add_elements([100, 200, 300, 400], 4) == 1000
E   assert 0 == 1000
E    +  where 0 = add_elements([100, 200, 300, 400], 4)
_____________________ test_add_elements_with_large_numbers _____________________
HumanEval_122_test.py:21: in test_add_elements_with_large_numbers
    assert add_elements([1111, 2222, 3333, 4444], 4) == 10000
E   assert 0 == 10000
E    +  where 0 = add_elements([1111, 2222, 3333, 4444], 4)
================================ tests coverage ================================
_______________ coverage: platform linux, python 3.13.15-final-0 _______________

Coverage JSON written to file /content/CS598JBR-Team-1/MP2/Coverage/HumanEval_122_test_crafted.json
=========================== short test summary info ============================
FAILED HumanEval_122_test.py::test_add_elements_with_zero - NameError: name '...
FAILED HumanEval_122_test.py::test_add_elements_with_negative_numbers - asser...
FAILED HumanEval_122_test.py::test_add_elements_with_boundary_values - assert...
FAILED HumanEval_122_test.py::test_add_elements_with_large_numbers - assert 0...
4 failed, 3 passed in 0.07s

tests: {'tests_total': 7, 'tests_passed': 3, 'tests_failed': 4, 'tests_errored': 0, 'tests_skipped': 0}
coverage:
100.0

Task_ID HumanEval/9:
prompt:
You are an AI programming assistant. You are an AI programming assistant, utilizing the DeepSeek Coder model, developed by DeepSeek Company, and you only answer questions related to computer science. For politically sensitive questions, security and privacy issues, and other non-computer science questions, you will refuse to answer.
### Instruction:
Generate a pytest test suite for the function `rolling_max` below.

The code is saved in a module named `HumanEval_9`. Start the test file with:
from HumanEval_9 import *

Follow these steps:
1. Read the docstring carefully. It is the specification: every example in it must become a test with exactly the expected value it states.
2. Go through the code line by line and list every branch (each if/elif/else, loop, early return, and edge case such as empty input, a single element, zero, negative numbers, and boundary values).
3. Write at least one test for every branch you listed, so that together the tests execute every line of the code.
4. Compute each expected value by tracing the code by hand for that input. Do not guess. Only test inputs that the specification allows; do not test invalid types or inputs that the code is not designed to handle.

Rules for the output:
- Output a single ```python code block containing only the test file.
- Do not copy or redefine `rolling_max` or any other function from the code; import them as shown above.
- Write each test as a separate function whose name starts with `test_`, with a short descriptive name.

The code:
```python
from typing import List, Tuple


def rolling_max(numbers: List[int]) -> List[int]:
    """ From a given list of integers, generate a list of rolling maximum element found until given moment
    in the sequence.
    >>> rolling_max([1, 2, 3, 2, 3, 4, 2])
    [1, 2, 3, 3, 3, 4, 4]
    """
    running_max = None
    result = []

    for n in numbers:
        if running_max is None:
            running_max = n
        else:
            running_max = max(running_max, n)

        result.append(running_max)

    return result
```
### Response:

response:
```python
from HumanEval_9 import *

def test_empty_input():
    assert rolling_max([]) == []

def test_single_element():
    assert rolling_max([5]) == [5]

def test_zero():
    assert rolling_max([0, 1, 2, 3, 0, 1]) == [0, 1, 2, 3, 3, 3]

def test_negative_numbers():
    assert rolling_max([-1, -2, -3, -2, -3, -4, -2]) == [-1, -1, -2, -2, -2, -2, -2]

def test_boundary_values():
    assert rolling_max([1000000, -1000000, 0, 1000000, -1000000, 0]) == [1000000, 1000000, 1000000, 1000000, 1000000, 1000000]

def test_normal_case():
    assert rolling_max([1, 2, 3, 2, 3, 4, 2]) == [1, 2, 3, 3, 3, 4, 4]
```

processed test file:
import pytest

from HumanEval_9 import *

def test_empty_input():
    assert rolling_max([]) == []

def test_single_element():
    assert rolling_max([5]) == [5]

def test_zero():
    assert rolling_max([0, 1, 2, 3, 0, 1]) == [0, 1, 2, 3, 3, 3]

def test_negative_numbers():
    assert rolling_max([-1, -2, -3, -2, -3, -4, -2]) == [-1, -1, -2, -2, -2, -2, -2]

def test_boundary_values():
    assert rolling_max([1000000, -1000000, 0, 1000000, -1000000, 0]) == [1000000, 1000000, 1000000, 1000000, 1000000, 1000000]

def test_normal_case():
    assert rolling_max([1, 2, 3, 2, 3, 4, 2]) == [1, 2, 3, 3, 3, 4, 4]

pytest output:
...F..                                                                   [100%]
=================================== FAILURES ===================================
____________________________ test_negative_numbers _____________________________
HumanEval_9_test.py:15: in test_negative_numbers
    assert rolling_max([-1, -2, -3, -2, -3, -4, -2]) == [-1, -1, -2, -2, -2, -2, -2]
E   assert [-1, -1, -1, -1, -1, -1, ...] == [-1, -1, -2, -2, -2, -2, ...]
E     
E     At index 2 diff: -1 != -2
E     Use -v to get more diff
================================ tests coverage ================================
_______________ coverage: platform linux, python 3.13.15-final-0 _______________

Coverage JSON written to file /content/CS598JBR-Team-1/MP2/Coverage/HumanEval_9_test_crafted.json
=========================== short test summary info ============================
FAILED HumanEval_9_test.py::test_negative_numbers - assert [-1, -1, -1, -1, -...
1 failed, 5 passed in 0.04s

tests: {'tests_total': 6, 'tests_passed': 5, 'tests_failed': 1, 'tests_errored': 0, 'tests_skipped': 0}
coverage:
100.0

Task_ID HumanEval/123:
prompt:
You are an AI programming assistant. You are an AI programming assistant, utilizing the DeepSeek Coder model, developed by DeepSeek Company, and you only answer questions related to computer science. For politically sensitive questions, security and privacy issues, and other non-computer science questions, you will refuse to answer.
### Instruction:
Generate a pytest test suite for the function `get_odd_collatz` below.

The code is saved in a module named `HumanEval_123`. Start the test file with:
from HumanEval_123 import *

Follow these steps:
1. Read the docstring carefully. It is the specification: every example in it must become a test with exactly the expected value it states.
2. Go through the code line by line and list every branch (each if/elif/else, loop, early return, and edge case such as empty input, a single element, zero, negative numbers, and boundary values).
3. Write at least one test for every branch you listed, so that together the tests execute every line of the code.
4. Compute each expected value by tracing the code by hand for that input. Do not guess. Only test inputs that the specification allows; do not test invalid types or inputs that the code is not designed to handle.

Rules for the output:
- Output a single ```python code block containing only the test file.
- Do not copy or redefine `get_odd_collatz` or any other function from the code; import them as shown above.
- Write each test as a separate function whose name starts with `test_`, with a short descriptive name.

The code:
```python
def get_odd_collatz(n):
    """
    Given a positive integer n, return a sorted list that has the odd numbers in collatz sequence.

    The Collatz conjecture is a conjecture in mathematics that concerns a sequence defined
    as follows: start with any positive integer n. Then each term is obtained from the 
    previous term as follows: if the previous term is even, the next term is one half of 
    the previous term. If the previous term is odd, the next term is 3 times the previous
    term plus 1. The conjecture is that no matter what value of n, the sequence will always reach 1.

    Note: 
        1. Collatz(1) is [1].
        2. returned list sorted in increasing order.

    For example:
    get_odd_collatz(5) returns [1, 5] # The collatz sequence for 5 is [5, 16, 8, 4, 2, 1], so the odd numbers are only 1, and 5.
    """
    if n%2==0:
        odd_collatz = [] 
    else:
        odd_collatz = [n]
    while n > 1:
        if n % 2 == 0:
            n = n/2
        else:
            n = n*3 + 1
            
        if n%2 == 1:
            odd_collatz.append(int(n))

    return sorted(odd_collatz)
```
### Response:

response:
```python
from HumanEval_123 import *

def test_get_odd_collatz_even_start():
    """
    Test the function with an even starting number.
    """
    assert get_odd_collatz(10) == [1, 5, 11, 23]

def test_get_odd_collatz_odd_start():
    """
    Test the function with an odd starting number.
    """
    assert get_odd_collatz(7) == [7, 22, 111]

def test_get_odd_collatz_1():
    """
    Test the function with 1.
    """
    assert get_odd_collatz(1) == [1]

def test_get_odd_collatz_zero():
    """
    Test the function with 0.
    """
    assert get_odd_collatz(0) == []

def test_get_odd_collatz_negative():
    """
    Test the function with a negative number.
    """
    assert get_odd_collatz(-5) == []

def test_get_odd_collatz_large_number():
    """
    Test the function with a large number.
    """
    assert get_odd_collatz(1000000) == [1, 5, 11, 23, 47, 142, 407, 1221, 3665, 11081, 33245, 100731, 302195, 906571, 2720715]
```

processed test file:
import pytest

from HumanEval_123 import *

def test_get_odd_collatz_even_start():
    """
    Test the function with an even starting number.
    """
    assert get_odd_collatz(10) == [1, 5, 11, 23]

def test_get_odd_collatz_odd_start():
    """
    Test the function with an odd starting number.
    """
    assert get_odd_collatz(7) == [7, 22, 111]

def test_get_odd_collatz_1():
    """
    Test the function with 1.
    """
    assert get_odd_collatz(1) == [1]

def test_get_odd_collatz_zero():
    """
    Test the function with 0.
    """
    assert get_odd_collatz(0) == []

def test_get_odd_collatz_negative():
    """
    Test the function with a negative number.
    """
    assert get_odd_collatz(-5) == []

def test_get_odd_collatz_large_number():
    """
    Test the function with a large number.
    """
    assert get_odd_collatz(1000000) == [1, 5, 11, 23, 47, 142, 407, 1221, 3665, 11081, 33245, 100731, 302195, 906571, 2720715]

pytest output:
FF..FF                                                                   [100%]
=================================== FAILURES ===================================
_______________________ test_get_odd_collatz_even_start ________________________
HumanEval_123_test.py:9: in test_get_odd_collatz_even_start
    assert get_odd_collatz(10) == [1, 5, 11, 23]
E   assert [1, 5] == [1, 5, 11, 23]
E     
E     Right contains 2 more items, first extra item: 11
E     Use -v to get more diff
________________________ test_get_odd_collatz_odd_start ________________________
HumanEval_123_test.py:15: in test_get_odd_collatz_odd_start
    assert get_odd_collatz(7) == [7, 22, 111]
E   assert [1, 5, 7, 11, 13, 17] == [7, 22, 111]
E     
E     At index 0 diff: 1 != 7
E     Left contains 3 more items, first extra item: 11
E     Use -v to get more diff
________________________ test_get_odd_collatz_negative _________________________
HumanEval_123_test.py:33: in test_get_odd_collatz_negative
    assert get_odd_collatz(-5) == []
E   assert [-5] == []
E     
E     Left contains one more item: -5
E     Use -v to get more diff
______________________ test_get_odd_collatz_large_number _______________________
HumanEval_123_test.py:39: in test_get_odd_collatz_large_number
    assert get_odd_collatz(1000000) == [1, 5, 11, 23, 47, 142, 407, 1221, 3665, 11081, 33245, 100731, 302195, 906571, 2720715]
E   assert [1, 5, 23, 31, 35, 47, ...] == [1, 5, 11, 23, 47, 142, ...]
E     
E     At index 2 diff: 23 != 11
E     Left contains 37 more items, first extra item: 161
E     Use -v to get more diff
================================ tests coverage ================================
_______________ coverage: platform linux, python 3.13.15-final-0 _______________

Coverage JSON written to file /content/CS598JBR-Team-1/MP2/Coverage/HumanEval_123_test_crafted.json
=========================== short test summary info ============================
FAILED HumanEval_123_test.py::test_get_odd_collatz_even_start - assert [1, 5]...
FAILED HumanEval_123_test.py::test_get_odd_collatz_odd_start - assert [1, 5, ...
FAILED HumanEval_123_test.py::test_get_odd_collatz_negative - assert [-5] == []
FAILED HumanEval_123_test.py::test_get_odd_collatz_large_number - assert [1, ...
4 failed, 2 passed in 0.06s

tests: {'tests_total': 6, 'tests_passed': 2, 'tests_failed': 4, 'tests_errored': 0, 'tests_skipped': 0}
coverage:
100.0

Task_ID HumanEval/151:
prompt:
You are an AI programming assistant. You are an AI programming assistant, utilizing the DeepSeek Coder model, developed by DeepSeek Company, and you only answer questions related to computer science. For politically sensitive questions, security and privacy issues, and other non-computer science questions, you will refuse to answer.
### Instruction:
Generate a pytest test suite for the function `double_the_difference` below.

The code is saved in a module named `HumanEval_151`. Start the test file with:
from HumanEval_151 import *

Follow these steps:
1. Read the docstring carefully. It is the specification: every example in it must become a test with exactly the expected value it states.
2. Go through the code line by line and list every branch (each if/elif/else, loop, early return, and edge case such as empty input, a single element, zero, negative numbers, and boundary values).
3. Write at least one test for every branch you listed, so that together the tests execute every line of the code.
4. Compute each expected value by tracing the code by hand for that input. Do not guess. Only test inputs that the specification allows; do not test invalid types or inputs that the code is not designed to handle.

Rules for the output:
- Output a single ```python code block containing only the test file.
- Do not copy or redefine `double_the_difference` or any other function from the code; import them as shown above.
- Write each test as a separate function whose name starts with `test_`, with a short descriptive name.

The code:
```python
def double_the_difference(lst):
    '''
    Given a list of numbers, return the sum of squares of the numbers
    in the list that are odd. Ignore numbers that are negative or not integers.
    
    double_the_difference([1, 3, 2, 0]) == 1 + 9 + 0 + 0 = 10
    double_the_difference([-1, -2, 0]) == 0
    double_the_difference([9, -2]) == 81
    double_the_difference([0]) == 0  
   
    If the input list is empty, return 0.
    '''
    return sum([i**2 for i in lst if i > 0 and i%2!=0 and "." not in str(i)])
```
### Response:

response:
```python
from HumanEval_151 import *

def test_empty_list():
    assert double_the_difference([]) == 0

def test_single_element():
    assert double_the_difference([1]) == 1
    assert double_the_difference([0]) == 0
    assert double_the_difference([-1]) == 0

def test_zero():
    assert double_the_difference([0, 2, 3]) == 9

def test_negative_numbers():
    assert double_the_difference([-1, -2, 3]) == 0

def test_boundary_values():
    assert double_the_difference([1, 2, 3]) == 10
    assert double_the_difference([2, 3, 4]) == 18

def test_large_numbers():
    assert double_the_difference([100, 200, 300]) == 10000

def test_negative_large_numbers():
    assert double_the_difference([-100, -200, -300]) == 0

def test_float_numbers():
    assert double_the_difference([1.5, 2.5, 3.5]) == 0

def test_negative_float_numbers():
    assert double_the_difference([-1.5, -2.5, -3.5]) == 0

def test_mixed_numbers():
    assert double_the_difference([1, -2, 3]) == 10
    assert double_the_difference([-1, 2, -3]) == 10
```

processed test file:
import pytest

from HumanEval_151 import *

def test_empty_list():
    assert double_the_difference([]) == 0

def test_single_element():
    assert double_the_difference([1]) == 1
    assert double_the_difference([0]) == 0
    assert double_the_difference([-1]) == 0

def test_zero():
    assert double_the_difference([0, 2, 3]) == 9

def test_negative_numbers():
    assert double_the_difference([-1, -2, 3]) == 0

def test_boundary_values():
    assert double_the_difference([1, 2, 3]) == 10
    assert double_the_difference([2, 3, 4]) == 18

def test_large_numbers():
    assert double_the_difference([100, 200, 300]) == 10000

def test_negative_large_numbers():
    assert double_the_difference([-100, -200, -300]) == 0

def test_float_numbers():
    assert double_the_difference([1.5, 2.5, 3.5]) == 0

def test_negative_float_numbers():
    assert double_the_difference([-1.5, -2.5, -3.5]) == 0

def test_mixed_numbers():
    assert double_the_difference([1, -2, 3]) == 10
    assert double_the_difference([-1, 2, -3]) == 10

pytest output:
...FFF...F                                                               [100%]
=================================== FAILURES ===================================
____________________________ test_negative_numbers _____________________________
HumanEval_151_test.py:17: in test_negative_numbers
    assert double_the_difference([-1, -2, 3]) == 0
E   assert 9 == 0
E    +  where 9 = double_the_difference([-1, -2, 3])
_____________________________ test_boundary_values _____________________________
HumanEval_151_test.py:21: in test_boundary_values
    assert double_the_difference([2, 3, 4]) == 18
E   assert 9 == 18
E    +  where 9 = double_the_difference([2, 3, 4])
______________________________ test_large_numbers ______________________________
HumanEval_151_test.py:24: in test_large_numbers
    assert double_the_difference([100, 200, 300]) == 10000
E   assert 0 == 10000
E    +  where 0 = double_the_difference([100, 200, 300])
______________________________ test_mixed_numbers ______________________________
HumanEval_151_test.py:37: in test_mixed_numbers
    assert double_the_difference([-1, 2, -3]) == 10
E   assert 0 == 10
E    +  where 0 = double_the_difference([-1, 2, -3])
================================ tests coverage ================================
_______________ coverage: platform linux, python 3.13.15-final-0 _______________

Coverage JSON written to file /content/CS598JBR-Team-1/MP2/Coverage/HumanEval_151_test_crafted.json
=========================== short test summary info ============================
FAILED HumanEval_151_test.py::test_negative_numbers - assert 9 == 0
FAILED HumanEval_151_test.py::test_boundary_values - assert 9 == 18
FAILED HumanEval_151_test.py::test_large_numbers - assert 0 == 10000
FAILED HumanEval_151_test.py::test_mixed_numbers - assert 0 == 10
4 failed, 6 passed in 0.07s

tests: {'tests_total': 10, 'tests_passed': 6, 'tests_failed': 4, 'tests_errored': 0, 'tests_skipped': 0}
coverage:
100.0

Task_ID HumanEval/57:
prompt:
You are an AI programming assistant. You are an AI programming assistant, utilizing the DeepSeek Coder model, developed by DeepSeek Company, and you only answer questions related to computer science. For politically sensitive questions, security and privacy issues, and other non-computer science questions, you will refuse to answer.
### Instruction:
Generate a pytest test suite for the function `monotonic` below.

The code is saved in a module named `HumanEval_57`. Start the test file with:
from HumanEval_57 import *

Follow these steps:
1. Read the docstring carefully. It is the specification: every example in it must become a test with exactly the expected value it states.
2. Go through the code line by line and list every branch (each if/elif/else, loop, early return, and edge case such as empty input, a single element, zero, negative numbers, and boundary values).
3. Write at least one test for every branch you listed, so that together the tests execute every line of the code.
4. Compute each expected value by tracing the code by hand for that input. Do not guess. Only test inputs that the specification allows; do not test invalid types or inputs that the code is not designed to handle.

Rules for the output:
- Output a single ```python code block containing only the test file.
- Do not copy or redefine `monotonic` or any other function from the code; import them as shown above.
- Write each test as a separate function whose name starts with `test_`, with a short descriptive name.

The code:
```python
def monotonic(l: list):
    """Return True is list elements are monotonically increasing or decreasing.
    >>> monotonic([1, 2, 4, 20])
    True
    >>> monotonic([1, 20, 4, 10])
    False
    >>> monotonic([4, 1, 0, -10])
    True
    """
    if l == sorted(l) or l == sorted(l, reverse=True):
        return True
    return False
```
### Response:

response:
```python
from HumanEval_57 import *

def test_monotonic_increasing():
    assert monotonic([1, 2, 4, 20]) == True

def test_monotonic_decreasing():
    assert monotonic([4, 3, 2, 1]) == True

def test_monotonic_false():
    assert monotonic([1, 20, 4, 10]) == False

def test_monotonic_negative():
    assert monotonic([4, 1, 0, -10]) == True

def test_monotonic_empty():
    assert monotonic([]) == True

def test_monotonic_single_element():
    assert monotonic([1]) == True

def test_monotonic_zero():
    assert monotonic([0, 0, 0, 0]) == True

def test_monotonic_negative_increasing():
    assert monotonic([-1, -2, -4, -20]) == True

def test_monotonic_negative_decreasing():
    assert monotonic([-4, -3, -2, -1]) == True

def test_monotonic_negative_false():
    assert monotonic([-1, -20, -4, -10]) == False
```

processed test file:
import pytest

from HumanEval_57 import *

def test_monotonic_increasing():
    assert monotonic([1, 2, 4, 20]) == True

def test_monotonic_decreasing():
    assert monotonic([4, 3, 2, 1]) == True

def test_monotonic_false():
    assert monotonic([1, 20, 4, 10]) == False

def test_monotonic_negative():
    assert monotonic([4, 1, 0, -10]) == True

def test_monotonic_empty():
    assert monotonic([]) == True

def test_monotonic_single_element():
    assert monotonic([1]) == True

def test_monotonic_zero():
    assert monotonic([0, 0, 0, 0]) == True

def test_monotonic_negative_increasing():
    assert monotonic([-1, -2, -4, -20]) == True

def test_monotonic_negative_decreasing():
    assert monotonic([-4, -3, -2, -1]) == True

def test_monotonic_negative_false():
    assert monotonic([-1, -20, -4, -10]) == False

pytest output:
..........                                                               [100%]
================================ tests coverage ================================
_______________ coverage: platform linux, python 3.13.15-final-0 _______________

Coverage JSON written to file /content/CS598JBR-Team-1/MP2/Coverage/HumanEval_57_test_crafted.json
10 passed in 0.05s

tests: {'tests_total': 10, 'tests_passed': 10, 'tests_failed': 0, 'tests_errored': 0, 'tests_skipped': 0}
coverage:
100.0

Task_ID HumanEval/55:
prompt:
You are an AI programming assistant. You are an AI programming assistant, utilizing the DeepSeek Coder model, developed by DeepSeek Company, and you only answer questions related to computer science. For politically sensitive questions, security and privacy issues, and other non-computer science questions, you will refuse to answer.
### Instruction:
Generate a pytest test suite for the function `fib` below.

The code is saved in a module named `HumanEval_55`. Start the test file with:
from HumanEval_55 import *

Follow these steps:
1. Read the docstring carefully. It is the specification: every example in it must become a test with exactly the expected value it states.
2. Go through the code line by line and list every branch (each if/elif/else, loop, early return, and edge case such as empty input, a single element, zero, negative numbers, and boundary values).
3. Write at least one test for every branch you listed, so that together the tests execute every line of the code.
4. Compute each expected value by tracing the code by hand for that input. Do not guess. Only test inputs that the specification allows; do not test invalid types or inputs that the code is not designed to handle.

Rules for the output:
- Output a single ```python code block containing only the test file.
- Do not copy or redefine `fib` or any other function from the code; import them as shown above.
- Write each test as a separate function whose name starts with `test_`, with a short descriptive name.

The code:
```python
def fib(n: int):
    """Return n-th Fibonacci number.
    >>> fib(10)
    55
    >>> fib(1)
    1
    >>> fib(8)
    21
    """
    if n == 0:
        return 0
    if n == 1:
        return 1
    return fib(n - 1) + fib(n - 2)
```
### Response:

response:
```python
from HumanEval_55 import *

def test_fib_zero():
    assert fib(0) == 0

def test_fib_one():
    assert fib(1) == 1

def test_fib_eight():
    assert fib(8) == 21

def test_fib_ten():
    assert fib(10) == 55

def test_fib_negative():
    assert fib(-1) == 0

def test_fib_negative_two():
    assert fib(-2) == 0

def test_fib_large_number():
    assert fib(50) == 12586269025
```

processed test file:
import pytest

from HumanEval_55 import *

def test_fib_zero():
    assert fib(0) == 0

def test_fib_one():
    assert fib(1) == 1

def test_fib_eight():
    assert fib(8) == 21

def test_fib_ten():
    assert fib(10) == 55

def test_fib_negative():
    assert fib(-1) == 0

def test_fib_negative_two():
    assert fib(-2) == 0

def test_fib_large_number():
    assert fib(50) == 12586269025

pytest output:
....FFF                                                                  [100%]
=================================== FAILURES ===================================
______________________________ test_fib_negative _______________________________
HumanEval_55_test.py:18: in test_fib_negative
    assert fib(-1) == 0
           ^^^^^^^
HumanEval_55.py:16: in fib
    return fib(n - 1) + fib(n - 2)
           ^^^^^^^^^^
HumanEval_55.py:16: in fib
    return fib(n - 1) + fib(n - 2)
           ^^^^^^^^^^
HumanEval_55.py:16: in fib
    return fib(n - 1) + fib(n - 2)
           ^^^^^^^^^^
HumanEval_55.py:16: in fib
    return fib(n - 1) + fib(n - 2)
           ^^^^^^^^^^
HumanEval_55.py:16: in fib
    return fib(n - 1) + fib(n - 2)
           ^^^^^^^^^^
HumanEval_55.py:16: in fib
    return fib(n - 1) + fib(n - 2)
           ^^^^^^^^^^
HumanEval_55.py:16: in fib
    return fib(n - 1) + fib(n - 2)
           ^^^^^^^^^^
HumanEval_55.py:16: in fib
    return fib(n - 1) + fib(n - 2)
           ^^^^^^^^^^
HumanEval_55.py:16: in fib
    return fib(n - 1) + fib(n - 2)
           ^^^^^^^^^^
HumanEval_55.py:16: in fib
    return fib(n - 1) + fib(n - 2)
           ^^^^^^^^^^
HumanEval_55.py:16: in fib
    return fib(n - 1) + fib(n - 2)
           ^^^^^^^^^^
HumanEval_55.py:16: in fib
    return fib(n - 1) + fib(n - 2)
           ^^^^^^^^^^
HumanEval_55.py:16: in fib
    return fib(n - 1) + fib(n - 2)
           ^^^^^^^^^^
HumanEval_55.py:16: in fib
    return fib(n - 1) + fib(n - 2)
           ^^^^^^^^^^
HumanEval_55.py:16: in fib
    return fib(n - 1) + fib(n - 2)
           ^^^^^^^^^^
HumanEval_55.py:16: in fib
    return fib(n - 1) + fib(n - 2)
           ^^^^^^^^^^
HumanEval_55.py:16: in fib
    return fib(n - 1) + fib(n - 2)
           ^^^^^^^^^^
HumanEval_55.py:16: in fib
    return fib(n - 1) + fib(n - 2)
           ^^^^^^^^^^
HumanEval_55.py:16: in fib
    return fib(n - 1) + fib(n - 2)
           ^^^^^^^^^^
HumanEval_55.py:16: in fib
    return fib(n - 1) + fib(n - 2)
           ^^^^^^^^^^
HumanEval_55.py:16: in fib
    return fib(n - 1) + fib(n - 2)
           ^^^^^^^^^^
HumanEval_55.py:16: in fib
    return fib(n - 1) + fib(n - 2)
           ^^^^^^^^^^
HumanEval_55.py:16: in fib
    return fib(n - 1) + fib(n - 2)
           ^^^^^^^^^^
HumanEval_55.py:16: in fib
    return fib(n - 1) + fib(n - 2)
           ^^^^^^^^^^
HumanEval_55.py:16: in fib
    return fib(n - 1) + fib(n - 2)
           ^^^^^^^^^^
HumanEval_55.py:16: in fib
    return fib(n - 1) + fib(n - 2)
           ^^^^^^^^^^
HumanEval_55.py:16: in fib
    return fib(n - 1) + fib(n - 2)
           ^^^^^^^^^^
HumanEval_55.py:16: in fib
    return fib(n - 1) + fib(n - 2)
           ^^^^^^^^^^
HumanEval_55.py:16: in fib
    return fib(n - 1) + fib(n - 2)
           ^^^^^^^^^^
HumanEval_55.py:16: in fib
    return fib(n - 1) + fib(n - 2)
           ^^^^^^^^^^
HumanEval_55.py:16: in fib
    return fib(n - 1) + fib(n - 2)
           ^^^^^^^^^^
HumanEval_55.py:16: in fib
    return fib(n - 1) + fib(n - 2)
           ^^^^^^^^^^
HumanEval_55.py:16: in fib
    return fib(n - 1) + fib(n - 2)
           ^^^^^^^^^^
HumanEval_55.py:16: in fib
    return fib(n - 1) + fib(n - 2)
           ^^^^^^^^^^
HumanEval_55.py:16: in fib
    return fib(n - 1) + fib(n - 2)
           ^^^^^^^^^^
HumanEval_55.py:16: in fib
    return fib(n - 1) + fib(n - 2)
           ^^^^^^^^^^
HumanEval_55.py:16: in fib
    return fib(n - 1) + fib(n - 2)
           ^^^^^^^^^^
HumanEval_55.py:16: in fib
    return fib(n - 1) + fib(n - 2)
           ^^^^^^^^^^
HumanEval_55.py:16: in fib
    return fib(n - 1) + fib(n - 2)
           ^^^^^^^^^^
HumanEval_55.py:16: in fib
    return fib(n - 1) + fib(n - 2)
           ^^^^^^^^^^
HumanEval_55.py:16: in fib
    return fib(n - 1) + fib(n - 2)
           ^^^^^^^^^^
HumanEval_55.py:16: in fib
    return fib(n - 1) + fib(n - 2)
           ^^^^^^^^^^
HumanEval_55.py:16: in fib
    return fib(n - 1) + fib(n - 2)
           ^^^^^^^^^^
HumanEval_55.py:16: in fib
    return fib(n - 1) + fib(n - 2)
           ^^^^^^^^^^
HumanEval_55.py:16: in fib
    return fib(n - 1) + fib(n - 2)
           ^^^^^^^^^^
HumanEval_55.py:16: in fib
    return fib(n - 1) + fib(n - 2)
           ^^^^^^^^^^
HumanEval_55.py:16: in fib
    return fib(n - 1) + fib(n - 2)
           ^^^^^^^^^^
HumanEval_55.py:16: in fib
    return fib(n - 1) + fib(n - 2)
           ^^^^^^^^^^
HumanEval_55.py:16: in fib
    return fib(n - 1) + fib(n - 2)
           ^^^^^^^^^^
HumanEval_55.py:16: in fib
    return fib(n - 1) + fib(n - 2)
           ^^^^^^^^^^
HumanEval_55.py:16: in fib
    return fib(n - 1) + fib(n - 2)
           ^^^^^^^^^^
HumanEval_55.py:16: in fib
    return fib(n - 1) + fib(n - 2)
           ^^^^^^^^^^
HumanEval_55.py:16: in fib
    return fib(n - 1) + fib(n - 2)
           ^^^^^^^^^^
HumanEval_55.py:16: in fib
    return fib(n - 1) + fib(n - 2)
           ^^^^^^^^^^
HumanEval_55.py:16: in fib
    return fib(n - 1) + fib(n - 2)
           ^^^^^^^^^^
HumanEval_55.py:16: in fib
    return fib(n - 1) + fib(n - 2)
           ^^^^^^^^^^
HumanEval_55.py:16: in fib
    return fib(n - 1) + fib(n - 2)
           ^^^^^^^^^^
HumanEval_55.py:16: in fib
    return fib(n - 1) + fib(n - 2)
           ^^^^^^^^^^
HumanEval_55.py:16: in fib
    return fib(n - 1) + fib(n - 2)
           ^^^^^^^^^^
HumanEval_55.py:16: in fib
    return fib(n - 1) + fib(n - 2)
           ^^^^^^^^^^
HumanEval_55.py:16: in fib
    return fib(n - 1) + fib(n - 2)
           ^^^^^^^^^^
HumanEval_55.py:16: in fib
    return fib(n - 1) + fib(n - 2)
           ^^^^^^^^^^
HumanEval_55.py:16: in fib
    return fib(n - 1) + fib(n - 2)
           ^^^^^^^^^^
HumanEval_55.py:16: in fib
    return fib(n - 1) + fib(n - 2)
           ^^^^^^^^^^
HumanEval_55.py:16: in fib
    return fib(n - 1) + fib(n - 2)
           ^^^^^^^^^^
HumanEval_55.py:16: in fib
    return fib(n - 1) + fib(n - 2)
           ^^^^^^^^^^
HumanEval_55.py:16: in fib
    return fib(n - 1) + fib(n - 2)
           ^^^^^^^^^^
HumanEval_55.py:16: in fib
    return fib(n - 1) + fib(n - 2)
           ^^^^^^^^^^
HumanEval_55.py:16: in fib
    return fib(n - 1) + fib(n - 2)
           ^^^^^^^^^^
HumanEval_55.py:16: in fib
    return fib(n - 1) + fib(n - 2)
           ^^^^^^^^^^
HumanEval_55.py:16: in fib
    return fib(n - 1) + fib(n - 2)
           ^^^^^^^^^^
HumanEval_55.py:16: in fib
    return fib(n - 1) + fib(n - 2)
           ^^^^^^^^^^
HumanEval_55.py:16: in fib
    return fib(n - 1) + fib(n - 2)
           ^^^^^^^^^^
HumanEval_55.py:16: in fib
    return fib(n - 1) + fib(n - 2)
           ^^^^^^^^^^
HumanEval_55.py:16: in fib
    return fib(n - 1) + fib(n - 2)
           ^^^^^^^^^^
HumanEval_55.py:16: in fib
    return fib(n - 1) + fib(n - 2)
           ^^^^^^^^^^
HumanEval_55.py:16: in fib
    return fib(n - 1) + fib(n - 2)
           ^^^^^^^^^^
HumanEval_55.py:16: in fib
    return fib(n - 1) + fib(n - 2)
           ^^^^^^^^^^
HumanEval_55.py:16: in fib
    return fib(n - 1) + fib(n - 2)
           ^^^^^^^^^^
HumanEval_55.py:16: in fib
    return fib(n - 1) + fib(n - 2)
           ^^^^^^^^^^
HumanEval_55.py:16: in fib
    return fib(n - 1) + fib(n - 2)
           ^^^^^^^^^^
HumanEval_55.py:16: in fib
    return fib(n - 1) + fib(n - 2)
           ^^^^^^^^^^
HumanEval_55.py:16: in fib
    return fib(n - 1) + fib(n - 2)
           ^^^^^^^^^^
HumanEval_55.py:16: in fib
    return fib(n - 1) + fib(n - 2)
           ^^^^^^^^^^
HumanEval_55.py:16: in fib
    return fib(n - 1) + fib(n - 2)
           ^^^^^^^^^^
HumanEval_55.py:16: in fib
    return fib(n - 1) + fib(n - 2)
           ^^^^^^^^^^
HumanEval_55.py:16: in fib
    return fib(n - 1) + fib(n - 2)
           ^^^^^^^^^^
HumanEval_55.py:16: in fib
    return fib(n - 1) + fib(n - 2)
           ^^^^^^^^^^
HumanEval_55.py:16: in fib
    return fib(n - 1) + fib(n - 2)
           ^^^^^^^^^^
HumanEval_55.py:16: in fib
    return fib(n - 1) + fib(n - 2)
           ^^^^^^^^^^
HumanEval_55.py:16: in fib
    return fib(n - 1) + fib(n - 2)
           ^^^^^^^^^^
HumanEval_55.py:16: in fib
    return fib(n - 1) + fib(n - 2)
           ^^^^^^^^^^
HumanEval_55.py:16: in fib
    return fib(n - 1) + fib(n - 2)
           ^^^^^^^^^^
HumanEval_55.py:16: in fib
    return fib(n - 1) + fib(n - 2)
           ^^^^^^^^^^
HumanEval_55.py:16: in fib
    return fib(n - 1) + fib(n - 2)
           ^^^^^^^^^^
HumanEval_55.py:16: in fib
    return fib(n - 1) + fib(n - 2)
           ^^^^^^^^^^
HumanEval_55.py:16: in fib
    return fib(n - 1) + fib(n - 2)
           ^^^^^^^^^^
HumanEval_55.py:16: in fib
    return fib(n - 1) + fib(n - 2)
           ^^^^^^^^^^
HumanEval_55.py:16: in fib
    return fib(n - 1) + fib(n - 2)
           ^^^^^^^^^^
HumanEval_55.py:16: in fib
    return fib(n - 1) + fib(n - 2)
           ^^^^^^^^^^
HumanEval_55.py:16: in fib
    return fib(n - 1) + fib(n - 2)
           ^^^^^^^^^^
HumanEval_55.py:16: in fib
    return fib(n - 1) + fib(n - 2)
           ^^^^^^^^^^
HumanEval_55.py:16: in fib
    return fib(n - 1) + fib(n - 2)
           ^^^^^^^^^^
HumanEval_55.py:16: in fib
    return fib(n - 1) + fib(n - 2)
           ^^^^^^^^^^
HumanEval_55.py:16: in fib
    return fib(n - 1) + fib(n - 2)
           ^^^^^^^^^^
HumanEval_55.py:16: in fib
    return fib(n - 1) + fib(n - 2)
           ^^^^^^^^^^
HumanEval_55.py:16: in fib
    return fib(n - 1) + fib(n - 2)
           ^^^^^^^^^^
HumanEval_55.py:16: in fib
    return fib(n - 1) + fib(n - 2)
           ^^^^^^^^^^
HumanEval_55.py:16: in fib
    return fib(n - 1) + fib(n - 2)
           ^^^^^^^^^^
HumanEval_55.py:16: in fib
    return fib(n - 1) + fib(n - 2)
           ^^^^^^^^^^
HumanEval_55.py:16: in fib
    return fib(n - 1) + fib(n - 2)
           ^^^^^^^^^^
HumanEval_55.py:16: in fib
    return fib(n - 1) + fib(n - 2)
           ^^^^^^^^^^
HumanEval_55.py:16: in fib
    return fib(n - 1) + fib(n - 2)
           ^^^^^^^^^^
HumanEval_55.py:16: in fib
    return fib(n - 1) + fib(n - 2)
           ^^^^^^^^^^
HumanEval_55.py:16: in fib
    return fib(n - 1) + fib(n - 2)
           ^^^^^^^^^^
HumanEval_55.py:16: in fib
    return fib(n - 1) + fib(n - 2)
           ^^^^^^^^^^
HumanEval_55.py:16: in fib
    return fib(n - 1) + fib(n - 2)
           ^^^^^^^^^^
HumanEval_55.py:16: in fib
    return fib(n - 1) + fib(n - 2)
           ^^^^^^^^^^
HumanEval_55.py:16: in fib
    return fib(n - 1) + fib(n - 2)
           ^^^^^^^^^^
HumanEval_55.py:16: in fib
    return fib(n - 1) + fib(n - 2)
           ^^^^^^^^^^
HumanEval_55.py:16: in fib
    return fib(n - 1) + fib(n - 2)
           ^^^^^^^^^^
HumanEval_55.py:16: in fib
    return fib(n - 1) + fib(n - 2)
           ^^^^^^^^^^
HumanEval_55.py:16: in fib
    return fib(n - 1) + fib(n - 2)
           ^^^^^^^^^^
HumanEval_55.py:16: in fib
    return fib(n - 1) + fib(n - 2)
           ^^^^^^^^^^
HumanEval_55.py:16: in fib
    return fib(n - 1) + fib(n - 2)
           ^^^^^^^^^^
HumanEval_55.py:16: in fib
    return fib(n - 1) + fib(n - 2)
           ^^^^^^^^^^
HumanEval_55.py:16: in fib
    return fib(n - 1) + fib(n - 2)
           ^^^^^^^^^^
HumanEval_55.py:16: in fib
    return fib(n - 1) + fib(n - 2)
           ^^^^^^^^^^
HumanEval_55.py:16: in fib
    return fib(n - 1) + fib(n - 2)
           ^^^^^^^^^^
HumanEval_55.py:16: in fib
    return fib(n - 1) + fib(n - 2)
           ^^^^^^^^^^
HumanEval_55.py:16: in fib
    return fib(n - 1) + fib(n - 2)
           ^^^^^^^^^^
HumanEval_55.py:16: in fib
    return fib(n - 1) + fib(n - 2)
           ^^^^^^^^^^
HumanEval_55.py:16: in fib
    return fib(n - 1) + fib(n - 2)
           ^^^^^^^^^^
HumanEval_55.py:16: in fib
    return fib(n - 1) + fib(n - 2)
           ^^^^^^^^^^
HumanEval_55.py:16: in fib
    return fib(n - 1) + fib(n - 2)
           ^^^^^^^^^^
HumanEval_55.py:16: in fib
    return fib(n - 1) + fib(n - 2)
           ^^^^^^^^^^
HumanEval_55.py:16: in fib
    return fib(n - 1) + fib(n - 2)
           ^^^^^^^^^^
HumanEval_55.py:16: in fib
    return fib(n - 1) + fib(n - 2)
           ^^^^^^^^^^
HumanEval_55.py:16: in fib
    return fib(n - 1) + fib(n - 2)
           ^^^^^^^^^^
HumanEval_55.py:16: in fib
    return fib(n - 1) + fib(n - 2)
           ^^^^^^^^^^
HumanEval_55.py:16: in fib
    return fib(n - 1) + fib(n - 2)
           ^^^^^^^^^^
HumanEval_55.py:16: in fib
    return fib(n - 1) + fib(n - 2)
           ^^^^^^^^^^
HumanEval_55.py:16: in fib
    return fib(n - 1) + fib(n - 2)
           ^^^^^^^^^^
HumanEval_55.py:16: in fib
    return fib(n - 1) + fib(n - 2)
           ^^^^^^^^^^
HumanEval_55.py:16: in fib
    return fib(n - 1) + fib(n - 2)
           ^^^^^^^^^^
HumanEval_55.py:16: in fib
    return fib(n - 1) + fib(n - 2)
           ^^^^^^^^^^
HumanEval_55.py:16: in fib
    return fib(n - 1) + fib(n - 2)
           ^^^^^^^^^^
HumanEval_55.py:16: in fib
    return fib(n - 1) + fib(n - 2)
           ^^^^^^^^^^
HumanEval_55.py:16: in fib
    return fib(n - 1) + fib(n - 2)
           ^^^^^^^^^^
HumanEval_55.py:16: in fib
    return fib(n - 1) + fib(n - 2)
           ^^^^^^^^^^
HumanEval_55.py:16: in fib
    return fib(n - 1) + fib(n - 2)
           ^^^^^^^^^^
HumanEval_55.py:16: in fib
    return fib(n - 1) + fib(n - 2)
           ^^^^^^^^^^
HumanEval_55.py:16: in fib
    return fib(n - 1) + fib(n - 2)
           ^^^^^^^^^^
HumanEval_55.py:16: in fib
    return fib(n - 1) + fib(n - 2)
           ^^^^^^^^^^
HumanEval_55.py:16: in fib
    return fib(n - 1) + fib(n - 2)
           ^^^^^^^^^^
HumanEval_55.py:16: in fib
    return fib(n - 1) + fib(n - 2)
           ^^^^^^^^^^
HumanEval_55.py:16: in fib
    return fib(n - 1) + fib(n - 2)
           ^^^^^^^^^^
HumanEval_55.py:16: in fib
    return fib(n - 1) + fib(n - 2)
           ^^^^^^^^^^
HumanEval_55.py:16: in fib
    return fib(n - 1) + fib(n - 2)
           ^^^^^^^^^^
HumanEval_55.py:16: in fib
    return fib(n - 1) + fib(n - 2)
           ^^^^^^^^^^
HumanEval_55.py:16: in fib
    return fib(n - 1) + fib(n - 2)
           ^^^^^^^^^^
HumanEval_55.py:16: in fib
    return fib(n - 1) + fib(n - 2)
           ^^^^^^^^^^
HumanEval_55.py:16: in fib
    return fib(n - 1) + fib(n - 2)
           ^^^^^^^^^^
HumanEval_55.py:16: in fib
    return fib(n - 1) + fib(n - 2)
           ^^^^^^^^^^
HumanEval_55.py:16: in fib
    return fib(n - 1) + fib(n - 2)
           ^^^^^^^^^^
HumanEval_55.py:16: in fib
    return fib(n - 1) + fib(n - 2)
           ^^^^^^^^^^
HumanEval_55.py:16: in fib
    return fib(n - 1) + fib(n - 2)
           ^^^^^^^^^^
HumanEval_55.py:16: in fib
    return fib(n - 1) + fib(n - 2)
           ^^^^^^^^^^
HumanEval_55.py:16: in fib
    return fib(n - 1) + fib(n - 2)
           ^^^^^^^^^^
HumanEval_55.py:16: in fib
    return fib(n - 1) + fib(n - 2)
           ^^^^^^^^^^
HumanEval_55.py:16: in fib
    return fib(n - 1) + fib(n - 2)
           ^^^^^^^^^^
HumanEval_55.py:16: in fib
    return fib(n - 1) + fib(n - 2)
           ^^^^^^^^^^
HumanEval_55.py:16: in fib
    return fib(n - 1) + fib(n - 2)
           ^^^^^^^^^^
HumanEval_55.py:16: in fib
    return fib(n - 1) + fib(n - 2)
           ^^^^^^^^^^
HumanEval_55.py:16: in fib
    return fib(n - 1) + fib(n - 2)
           ^^^^^^^^^^
HumanEval_55.py:16: in fib
    return fib(n - 1) + fib(n - 2)
           ^^^^^^^^^^
HumanEval_55.py:16: in fib
    return fib(n - 1) + fib(n - 2)
           ^^^^^^^^^^
HumanEval_55.py:16: in fib
    return fib(n - 1) + fib(n - 2)
           ^^^^^^^^^^
HumanEval_55.py:16: in fib
    return fib(n - 1) + fib(n - 2)
           ^^^^^^^^^^
HumanEval_55.py:16: in fib
    return fib(n - 1) + fib(n - 2)
           ^^^^^^^^^^
HumanEval_55.py:16: in fib
    return fib(n - 1) + fib(n - 2)
           ^^^^^^^^^^
HumanEval_55.py:16: in fib
    return fib(n - 1) + fib(n - 2)
           ^^^^^^^^^^
HumanEval_55.py:16: in fib
    return fib(n - 1) + fib(n - 2)
           ^^^^^^^^^^
HumanEval_55.py:16: in fib
    return fib(n - 1) + fib(n - 2)
           ^^^^^^^^^^
HumanEval_55.py:16: in fib
    return fib(n - 1) + fib(n - 2)
           ^^^^^^^^^^
HumanEval_55.py:16: in fib
    return fib(n - 1) + fib(n - 2)
           ^^^^^^^^^^
HumanEval_55.py:16: in fib
    return fib(n - 1) + fib(n - 2)
           ^^^^^^^^^^
HumanEval_55.py:16: in fib
    return fib(n - 1) + fib(n - 2)
           ^^^^^^^^^^
HumanEval_55.py:16: in fib
    return fib(n - 1) + fib(n - 2)
           ^^^^^^^^^^
HumanEval_55.py:16: in fib
    return fib(n - 1) + fib(n - 2)
           ^^^^^^^^^^
HumanEval_55.py:16: in fib
    return fib(n - 1) + fib(n - 2)
           ^^^^^^^^^^
HumanEval_55.py:16: in fib
    return fib(n - 1) + fib(n - 2)
           ^^^^^^^^^^
HumanEval_55.py:16: in fib
    return fib(n - 1) + fib(n - 2)
           ^^^^^^^^^^
HumanEval_55.py:16: in fib
    return fib(n - 1) + fib(n - 2)
           ^^^^^^^^^^
HumanEval_55.py:16: in fib
    return fib(n - 1) + fib(n - 2)
           ^^^^^^^^^^
HumanEval_55.py:16: in fib
    return fib(n - 1) + fib(n - 2)
           ^^^^^^^^^^
HumanEval_55.py:16: in fib
    return fib(n - 1) + fib(n - 2)
           ^^^^^^^^^^
HumanEval_55.py:16: in fib
    return fib(n - 1) + fib(n - 2)
           ^^^^^^^^^^
HumanEval_55.py:16: in fib
    return fib(n - 1) + fib(n - 2)
           ^^^^^^^^^^
HumanEval_55.py:16: in fib
    return fib(n - 1) + fib(n - 2)
           ^^^^^^^^^^
HumanEval_55.py:16: in fib
    return fib(n - 1) + fib(n - 2)
           ^^^^^^^^^^
HumanEval_55.py:16: in fib
    return fib(n - 1) + fib(n - 2)
           ^^^^^^^^^^
HumanEval_55.py:16: in fib
    return fib(n - 1) + fib(n - 2)
           ^^^^^^^^^^
HumanEval_55.py:16: in fib
    return fib(n - 1) + fib(n - 2)
           ^^^^^^^^^^
HumanEval_55.py:16: in fib
    return fib(n - 1) + fib(n - 2)
           ^^^^^^^^^^
HumanEval_55.py:16: in fib
    return fib(n - 1) + fib(n - 2)
           ^^^^^^^^^^
HumanEval_55.py:16: in fib
    return fib(n - 1) + fib(n - 2)
           ^^^^^^^^^^
HumanEval_55.py:16: in fib
    return fib(n - 1) + fib(n - 2)
           ^^^^^^^^^^
HumanEval_55.py:16: in fib
    return fib(n - 1) + fib(n - 2)
           ^^^^^^^^^^
HumanEval_55.py:16: in fib
    return fib(n - 1) + fib(n - 2)
           ^^^^^^^^^^
HumanEval_55.py:16: in fib
    return fib(n - 1) + fib(n - 2)
           ^^^^^^^^^^
HumanEval_55.py:16: in fib
    return fib(n - 1) + fib(n - 2)
           ^^^^^^^^^^
HumanEval_55.py:16: in fib
    return fib(n - 1) + fib(n - 2)
           ^^^^^^^^^^
HumanEval_55.py:16: in fib
    return fib(n - 1) + fib(n - 2)
           ^^^^^^^^^^
HumanEval_55.py:16: in fib
    return fib(n - 1) + fib(n - 2)
           ^^^^^^^^^^
HumanEval_55.py:16: in fib
    return fib(n - 1) + fib(n - 2)
           ^^^^^^^^^^
HumanEval_55.py:16: in fib
    return fib(n - 1) + fib(n - 2)
           ^^^^^^^^^^
HumanEval_55.py:16: in fib
    return fib(n - 1) + fib(n - 2)
           ^^^^^^^^^^
HumanEval_55.py:16: in fib
    return fib(n - 1) + fib(n - 2)
           ^^^^^^^^^^
HumanEval_55.py:16: in fib
    return fib(n - 1) + fib(n - 2)
           ^^^^^^^^^^
HumanEval_55.py:16: in fib
    return fib(n - 1) + fib(n - 2)
           ^^^^^^^^^^
HumanEval_55.py:16: in fib
    return fib(n - 1) + fib(n - 2)
           ^^^^^^^^^^
HumanEval_55.py:16: in fib
    return fib(n - 1) + fib(n - 2)
           ^^^^^^^^^^
HumanEval_55.py:16: in fib
    return fib(n - 1) + fib(n - 2)
           ^^^^^^^^^^
HumanEval_55.py:16: in fib
    return fib(n - 1) + fib(n - 2)
           ^^^^^^^^^^
HumanEval_55.py:16: in fib
    return fib(n - 1) + fib(n - 2)
           ^^^^^^^^^^
HumanEval_55.py:16: in fib
    return fib(n - 1) + fib(n - 2)
           ^^^^^^^^^^
HumanEval_55.py:16: in fib
    return fib(n - 1) + fib(n - 2)
           ^^^^^^^^^^
HumanEval_55.py:16: in fib
    return fib(n - 1) + fib(n - 2)
           ^^^^^^^^^^
HumanEval_55.py:16: in fib
    return fib(n - 1) + fib(n - 2)
           ^^^^^^^^^^
HumanEval_55.py:16: in fib
    return fib(n - 1) + fib(n - 2)
           ^^^^^^^^^^
HumanEval_55.py:16: in fib
    return fib(n - 1) + fib(n - 2)
           ^^^^^^^^^^
HumanEval_55.py:16: in fib
    return fib(n - 1) + fib(n - 2)
           ^^^^^^^^^^
HumanEval_55.py:16: in fib
    return fib(n - 1) + fib(n - 2)
           ^^^^^^^^^^
HumanEval_55.py:16: in fib
    return fib(n - 1) + fib(n - 2)
           ^^^^^^^^^^
HumanEval_55.py:16: in fib
    return fib(n - 1) + fib(n - 2)
           ^^^^^^^^^^
HumanEval_55.py:16: in fib
    return fib(n - 1) + fib(n - 2)
           ^^^^^^^^^^
HumanEval_55.py:16: in fib
    return fib(n - 1) + fib(n - 2)
           ^^^^^^^^^^
HumanEval_55.py:16: in fib
    return fib(n - 1) + fib(n - 2)
           ^^^^^^^^^^
HumanEval_55.py:16: in fib
    return fib(n - 1) + fib(n - 2)
           ^^^^^^^^^^
HumanEval_55.py:16: in fib
    return fib(n - 1) + fib(n - 2)
           ^^^^^^^^^^
HumanEval_55.py:16: in fib
    return fib(n - 1) + fib(n - 2)
           ^^^^^^^^^^
HumanEval_55.py:16: in fib
    return fib(n - 1) + fib(n - 2)
           ^^^^^^^^^^
HumanEval_55.py:16: in fib
    return fib(n - 1) + fib(n - 2)
           ^^^^^^^^^^
HumanEval_55.py:16: in fib
    return fib(n - 1) + fib(n - 2)
           ^^^^^^^^^^
HumanEval_55.py:16: in fib
    return fib(n - 1) + fib(n - 2)
           ^^^^^^^^^^
HumanEval_55.py:16: in fib
    return fib(n - 1) + fib(n - 2)
           ^^^^^^^^^^
HumanEval_55.py:16: in fib
    return fib(n - 1) + fib(n - 2)
           ^^^^^^^^^^
HumanEval_55.py:16: in fib
    return fib(n - 1) + fib(n - 2)
           ^^^^^^^^^^
HumanEval_55.py:16: in fib
    return fib(n - 1) + fib(n - 2)
           ^^^^^^^^^^
HumanEval_55.py:16: in fib
    return fib(n - 1) + fib(n - 2)
           ^^^^^^^^^^
HumanEval_55.py:16: in fib
    return fib(n - 1) + fib(n - 2)
           ^^^^^^^^^^
HumanEval_55.py:16: in fib
    return fib(n - 1) + fib(n - 2)
           ^^^^^^^^^^
HumanEval_55.py:16: in fib
    return fib(n - 1) + fib(n - 2)
           ^^^^^^^^^^
HumanEval_55.py:16: in fib
    return fib(n - 1) + fib(n - 2)
           ^^^^^^^^^^
HumanEval_55.py:16: in fib
    return fib(n - 1) + fib(n - 2)
           ^^^^^^^^^^
HumanEval_55.py:16: in fib
    return fib(n - 1) + fib(n - 2)
           ^^^^^^^^^^
HumanEval_55.py:16: in fib
    return fib(n - 1) + fib(n - 2)
           ^^^^^^^^^^
HumanEval_55.py:16: in fib
    return fib(n - 1) + fib(n - 2)
           ^^^^^^^^^^
HumanEval_55.py:16: in fib
    return fib(n - 1) + fib(n - 2)
           ^^^^^^^^^^
HumanEval_55.py:16: in fib
    return fib(n - 1) + fib(n - 2)
           ^^^^^^^^^^
HumanEval_55.py:16: in fib
    return fib(n - 1) + fib(n - 2)
           ^^^^^^^^^^
HumanEval_55.py:16: in fib
    return fib(n - 1) + fib(n - 2)
           ^^^^^^^^^^
HumanEval_55.py:16: in fib
    return fib(n - 1) + fib(n - 2)
           ^^^^^^^^^^
HumanEval_55.py:16: in fib
    return fib(n - 1) + fib(n - 2)
           ^^^^^^^^^^
HumanEval_55.py:16: in fib
    return fib(n - 1) + fib(n - 2)
           ^^^^^^^^^^
HumanEval_55.py:16: in fib
    return fib(n - 1) + fib(n - 2)
           ^^^^^^^^^^
HumanEval_55.py:16: in fib
    return fib(n - 1) + fib(n - 2)
           ^^^^^^^^^^
HumanEval_55.py:16: in fib
    return fib(n - 1) + fib(n - 2)
           ^^^^^^^^^^
HumanEval_55.py:16: in fib
    return fib(n - 1) + fib(n - 2)
           ^^^^^^^^^^
HumanEval_55.py:16: in fib
    return fib(n - 1) + fib(n - 2)
           ^^^^^^^^^^
HumanEval_55.py:16: in fib
    return fib(n - 1) + fib(n - 2)
           ^^^^^^^^^^
HumanEval_55.py:16: in fib
    return fib(n - 1) + fib(n - 2)
           ^^^^^^^^^^
HumanEval_55.py:16: in fib
    return fib(n - 1) + fib(n - 2)
           ^^^^^^^^^^
HumanEval_55.py:16: in fib
    return fib(n - 1) + fib(n - 2)
           ^^^^^^^^^^
HumanEval_55.py:16: in fib
    return fib(n - 1) + fib(n - 2)
           ^^^^^^^^^^
HumanEval_55.py:16: in fib
    return fib(n - 1) + fib(n - 2)
           ^^^^^^^^^^
HumanEval_55.py:16: in fib
    return fib(n - 1) + fib(n - 2)
           ^^^^^^^^^^
HumanEval_55.py:16: in fib
    return fib(n - 1) + fib(n - 2)
           ^^^^^^^^^^
HumanEval_55.py:16: in fib
    return fib(n - 1) + fib(n - 2)
           ^^^^^^^^^^
HumanEval_55.py:16: in fib
    return fib(n - 1) + fib(n - 2)
           ^^^^^^^^^^
HumanEval_55.py:16: in fib
    return fib(n - 1) + fib(n - 2)
           ^^^^^^^^^^
HumanEval_55.py:16: in fib
    return fib(n - 1) + fib(n - 2)
           ^^^^^^^^^^
HumanEval_55.py:16: in fib
    return fib(n - 1) + fib(n - 2)
           ^^^^^^^^^^
HumanEval_55.py:16: in fib
    return fib(n - 1) + fib(n - 2)
           ^^^^^^^^^^
HumanEval_55.py:16: in fib
    return fib(n - 1) + fib(n - 2)
           ^^^^^^^^^^
HumanEval_55.py:16: in fib
    return fib(n - 1) + fib(n - 2)
           ^^^^^^^^^^
HumanEval_55.py:16: in fib
    return fib(n - 1) + fib(n - 2)
           ^^^^^^^^^^
HumanEval_55.py:16: in fib
    return fib(n - 1) + fib(n - 2)
           ^^^^^^^^^^
HumanEval_55.py:16: in fib
    return fib(n - 1) + fib(n - 2)
           ^^^^^^^^^^
HumanEval_55.py:16: in fib
    return fib(n - 1) + fib(n - 2)
           ^^^^^^^^^^
HumanEval_55.py:16: in fib
    return fib(n - 1) + fib(n - 2)
           ^^^^^^^^^^
HumanEval_55.py:16: in fib
    return fib(n - 1) + fib(n - 2)
           ^^^^^^^^^^
HumanEval_55.py:16: in fib
    return fib(n - 1) + fib(n - 2)
           ^^^^^^^^^^
HumanEval_55.py:16: in fib
    return fib(n - 1) + fib(n - 2)
           ^^^^^^^^^^
HumanEval_55.py:16: in fib
    return fib(n - 1) + fib(n - 2)
           ^^^^^^^^^^
HumanEval_55.py:16: in fib
    return fib(n - 1) + fib(n - 2)
           ^^^^^^^^^^
HumanEval_55.py:16: in fib
    return fib(n - 1) + fib(n - 2)
           ^^^^^^^^^^
HumanEval_55.py:16: in fib
    return fib(n - 1) + fib(n - 2)
           ^^^^^^^^^^
HumanEval_55.py:16: in fib
    return fib(n - 1) + fib(n - 2)
           ^^^^^^^^^^
HumanEval_55.py:16: in fib
    return fib(n - 1) + fib(n - 2)
           ^^^^^^^^^^
HumanEval_55.py:16: in fib
    return fib(n - 1) + fib(n - 2)
           ^^^^^^^^^^
HumanEval_55.py:16: in fib
    return fib(n - 1) + fib(n - 2)
           ^^^^^^^^^^
HumanEval_55.py:16: in fib
    return fib(n - 1) + fib(n - 2)
           ^^^^^^^^^^
HumanEval_55.py:16: in fib
    return fib(n - 1) + fib(n - 2)
           ^^^^^^^^^^
HumanEval_55.py:16: in fib
    return fib(n - 1) + fib(n - 2)
           ^^^^^^^^^^
HumanEval_55.py:16: in fib
    return fib(n - 1) + fib(n - 2)
           ^^^^^^^^^^
HumanEval_55.py:16: in fib
    return fib(n - 1) + fib(n - 2)
           ^^^^^^^^^^
HumanEval_55.py:16: in fib
    return fib(n - 1) + fib(n - 2)
           ^^^^^^^^^^
HumanEval_55.py:16: in fib
    return fib(n - 1) + fib(n - 2)
           ^^^^^^^^^^
HumanEval_55.py:16: in fib
    return fib(n - 1) + fib(n - 2)
           ^^^^^^^^^^
HumanEval_55.py:16: in fib
    return fib(n - 1) + fib(n - 2)
           ^^^^^^^^^^
HumanEval_55.py:16: in fib
    return fib(n - 1) + fib(n - 2)
           ^^^^^^^^^^
HumanEval_55.py:16: in fib
    return fib(n - 1) + fib(n - 2)
           ^^^^^^^^^^
HumanEval_55.py:16: in fib
    return fib(n - 1) + fib(n - 2)
           ^^^^^^^^^^
HumanEval_55.py:16: in fib
    return fib(n - 1) + fib(n - 2)
           ^^^^^^^^^^
HumanEval_55.py:16: in fib
    return fib(n - 1) + fib(n - 2)
           ^^^^^^^^^^
HumanEval_55.py:16: in fib
    return fib(n - 1) + fib(n - 2)
           ^^^^^^^^^^
HumanEval_55.py:16: in fib
    return fib(n - 1) + fib(n - 2)
           ^^^^^^^^^^
HumanEval_55.py:16: in fib
    return fib(n - 1) + fib(n - 2)
           ^^^^^^^^^^
HumanEval_55.py:16: in fib
    return fib(n - 1) + fib(n - 2)
           ^^^^^^^^^^
HumanEval_55.py:16: in fib
    return fib(n - 1) + fib(n - 2)
           ^^^^^^^^^^
HumanEval_55.py:16: in fib
    return fib(n - 1) + fib(n - 2)
           ^^^^^^^^^^
HumanEval_55.py:16: in fib
    return fib(n - 1) + fib(n - 2)
           ^^^^^^^^^^
HumanEval_55.py:16: in fib
    return fib(n - 1) + fib(n - 2)
           ^^^^^^^^^^
HumanEval_55.py:16: in fib
    return fib(n - 1) + fib(n - 2)
           ^^^^^^^^^^
HumanEval_55.py:16: in fib
    return fib(n - 1) + fib(n - 2)
           ^^^^^^^^^^
HumanEval_55.py:16: in fib
    return fib(n - 1) + fib(n - 2)
           ^^^^^^^^^^
HumanEval_55.py:16: in fib
    return fib(n - 1) + fib(n - 2)
           ^^^^^^^^^^
HumanEval_55.py:16: in fib
    return fib(n - 1) + fib(n - 2)
           ^^^^^^^^^^
HumanEval_55.py:16: in fib
    return fib(n - 1) + fib(n - 2)
           ^^^^^^^^^^
HumanEval_55.py:16: in fib
    return fib(n - 1) + fib(n - 2)
           ^^^^^^^^^^
HumanEval_55.py:16: in fib
    return fib(n - 1) + fib(n - 2)
           ^^^^^^^^^^
HumanEval_55.py:16: in fib
    return fib(n - 1) + fib(n - 2)
           ^^^^^^^^^^
HumanEval_55.py:16: in fib
    return fib(n - 1) + fib(n - 2)
           ^^^^^^^^^^
HumanEval_55.py:16: in fib
    return fib(n - 1) + fib(n - 2)
           ^^^^^^^^^^
HumanEval_55.py:16: in fib
    return fib(n - 1) + fib(n - 2)
           ^^^^^^^^^^
HumanEval_55.py:16: in fib
    return fib(n - 1) + fib(n - 2)
           ^^^^^^^^^^
HumanEval_55.py:16: in fib
    return fib(n - 1) + fib(n - 2)
           ^^^^^^^^^^
HumanEval_55.py:16: in fib
    return fib(n - 1) + fib(n - 2)
           ^^^^^^^^^^
HumanEval_55.py:16: in fib
    return fib(n - 1) + fib(n - 2)
           ^^^^^^^^^^
HumanEval_55.py:16: in fib
    return fib(n - 1) + fib(n - 2)
           ^^^^^^^^^^
HumanEval_55.py:16: in fib
    return fib(n - 1) + fib(n - 2)
           ^^^^^^^^^^
HumanEval_55.py:16: in fib
    return fib(n - 1) + fib(n - 2)
           ^^^^^^^^^^
HumanEval_55.py:16: in fib
    return fib(n - 1) + fib(n - 2)
           ^^^^^^^^^^
HumanEval_55.py:16: in fib
    return fib(n - 1) + fib(n - 2)
           ^^^^^^^^^^
HumanEval_55.py:16: in fib
    return fib(n - 1) + fib(n - 2)
           ^^^^^^^^^^
HumanEval_55.py:16: in fib
    return fib(n - 1) + fib(n - 2)
           ^^^^^^^^^^
HumanEval_55.py:16: in fib
    return fib(n - 1) + fib(n - 2)
           ^^^^^^^^^^
HumanEval_55.py:16: in fib
    return fib(n - 1) + fib(n - 2)
           ^^^^^^^^^^
HumanEval_55.py:16: in fib
    return fib(n - 1) + fib(n - 2)
           ^^^^^^^^^^
HumanEval_55.py:16: in fib
    return fib(n - 1) + fib(n - 2)
           ^^^^^^^^^^
HumanEval_55.py:16: in fib
    return fib(n - 1) + fib(n - 2)
           ^^^^^^^^^^
HumanEval_55.py:16: in fib
    return fib(n - 1) + fib(n - 2)
           ^^^^^^^^^^
HumanEval_55.py:16: in fib
    return fib(n - 1) + fib(n - 2)
           ^^^^^^^^^^
HumanEval_55.py:16: in fib
    return fib(n - 1) + fib(n - 2)
           ^^^^^^^^^^
HumanEval_55.py:16: in fib
    return fib(n - 1) + fib(n - 2)
           ^^^^^^^^^^
HumanEval_55.py:16: in fib
    return fib(n - 1) + fib(n - 2)
           ^^^^^^^^^^
HumanEval_55.py:16: in fib
    return fib(n - 1) + fib(n - 2)
           ^^^^^^^^^^
HumanEval_55.py:16: in fib
    return fib(n - 1) + fib(n - 2)
           ^^^^^^^^^^
HumanEval_55.py:16: in fib
    return fib(n - 1) + fib(n - 2)
           ^^^^^^^^^^
HumanEval_55.py:16: in fib
    return fib(n - 1) + fib(n - 2)
           ^^^^^^^^^^
HumanEval_55.py:16: in fib
    return fib(n - 1) + fib(n - 2)
           ^^^^^^^^^^
HumanEval_55.py:16: in fib
    return fib(n - 1) + fib(n - 2)
           ^^^^^^^^^^
HumanEval_55.py:16: in fib
    return fib(n - 1) + fib(n - 2)
           ^^^^^^^^^^
HumanEval_55.py:16: in fib
    return fib(n - 1) + fib(n - 2)
           ^^^^^^^^^^
HumanEval_55.py:16: in fib
    return fib(n - 1) + fib(n - 2)
           ^^^^^^^^^^
HumanEval_55.py:16: in fib
    return fib(n - 1) + fib(n - 2)
           ^^^^^^^^^^
HumanEval_55.py:16: in fib
    return fib(n - 1) + fib(n - 2)
           ^^^^^^^^^^
HumanEval_55.py:16: in fib
    return fib(n - 1) + fib(n - 2)
           ^^^^^^^^^^
HumanEval_55.py:16: in fib
    return fib(n - 1) + fib(n - 2)
           ^^^^^^^^^^
HumanEval_55.py:16: in fib
    return fib(n - 1) + fib(n - 2)
           ^^^^^^^^^^
HumanEval_55.py:16: in fib
    return fib(n - 1) + fib(n - 2)
           ^^^^^^^^^^
HumanEval_55.py:16: in fib
    return fib(n - 1) + fib(n - 2)
           ^^^^^^^^^^
HumanEval_55.py:16: in fib
    return fib(n - 1) + fib(n - 2)
           ^^^^^^^^^^
HumanEval_55.py:16: in fib
    return fib(n - 1) + fib(n - 2)
           ^^^^^^^^^^
HumanEval_55.py:16: in fib
    return fib(n - 1) + fib(n - 2)
           ^^^^^^^^^^
HumanEval_55.py:16: in fib
    return fib(n - 1) + fib(n - 2)
           ^^^^^^^^^^
HumanEval_55.py:16: in fib
    return fib(n - 1) + fib(n - 2)
           ^^^^^^^^^^
HumanEval_55.py:16: in fib
    return fib(n - 1) + fib(n - 2)
           ^^^^^^^^^^
HumanEval_55.py:16: in fib
    return fib(n - 1) + fib(n - 2)
           ^^^^^^^^^^
HumanEval_55.py:16: in fib
    return fib(n - 1) + fib(n - 2)
           ^^^^^^^^^^
HumanEval_55.py:16: in fib
    return fib(n - 1) + fib(n - 2)
           ^^^^^^^^^^
HumanEval_55.py:16: in fib
    return fib(n - 1) + fib(n - 2)
           ^^^^^^^^^^
HumanEval_55.py:16: in fib
    return fib(n - 1) + fib(n - 2)
           ^^^^^^^^^^
HumanEval_55.py:16: in fib
    return fib(n - 1) + fib(n - 2)
           ^^^^^^^^^^
HumanEval_55.py:16: in fib
    return fib(n - 1) + fib(n - 2)
           ^^^^^^^^^^
HumanEval_55.py:16: in fib
    return fib(n - 1) + fib(n - 2)
           ^^^^^^^^^^
HumanEval_55.py:16: in fib
    return fib(n - 1) + fib(n - 2)
           ^^^^^^^^^^
HumanEval_55.py:16: in fib
    return fib(n - 1) + fib(n - 2)
           ^^^^^^^^^^
HumanEval_55.py:16: in fib
    return fib(n - 1) + fib(n - 2)
           ^^^^^^^^^^
HumanEval_55.py:16: in fib
    return fib(n - 1) + fib(n - 2)
           ^^^^^^^^^^
HumanEval_55.py:16: in fib
    return fib(n - 1) + fib(n - 2)
           ^^^^^^^^^^
HumanEval_55.py:16: in fib
    return fib(n - 1) + fib(n - 2)
           ^^^^^^^^^^
HumanEval_55.py:16: in fib
    return fib(n - 1) + fib(n - 2)
           ^^^^^^^^^^
HumanEval_55.py:16: in fib
    return fib(n - 1) + fib(n - 2)
           ^^^^^^^^^^
HumanEval_55.py:16: in fib
    return fib(n - 1) + fib(n - 2)
           ^^^^^^^^^^
HumanEval_55.py:16: in fib
    return fib(n - 1) + fib(n - 2)
           ^^^^^^^^^^
HumanEval_55.py:16: in fib
    return fib(n - 1) + fib(n - 2)
           ^^^^^^^^^^
HumanEval_55.py:16: in fib
    return fib(n - 1) + fib(n - 2)
           ^^^^^^^^^^
HumanEval_55.py:16: in fib
    return fib(n - 1) + fib(n - 2)
           ^^^^^^^^^^
HumanEval_55.py:16: in fib
    return fib(n - 1) + fib(n - 2)
           ^^^^^^^^^^
HumanEval_55.py:16: in fib
    return fib(n - 1) + fib(n - 2)
           ^^^^^^^^^^
HumanEval_55.py:16: in fib
    return fib(n - 1) + fib(n - 2)
           ^^^^^^^^^^
HumanEval_55.py:16: in fib
    return fib(n - 1) + fib(n - 2)
           ^^^^^^^^^^
HumanEval_55.py:16: in fib
    return fib(n - 1) + fib(n - 2)
           ^^^^^^^^^^
HumanEval_55.py:16: in fib
    return fib(n - 1) + fib(n - 2)
           ^^^^^^^^^^
HumanEval_55.py:16: in fib
    return fib(n - 1) + fib(n - 2)
           ^^^^^^^^^^
HumanEval_55.py:16: in fib
    return fib(n - 1) + fib(n - 2)
           ^^^^^^^^^^
HumanEval_55.py:16: in fib
    return fib(n - 1) + fib(n - 2)
           ^^^^^^^^^^
HumanEval_55.py:16: in fib
    return fib(n - 1) + fib(n - 2)
           ^^^^^^^^^^
HumanEval_55.py:16: in fib
    return fib(n - 1) + fib(n - 2)
           ^^^^^^^^^^
HumanEval_55.py:16: in fib
    return fib(n - 1) + fib(n - 2)
           ^^^^^^^^^^
HumanEval_55.py:16: in fib
    return fib(n - 1) + fib(n - 2)
           ^^^^^^^^^^
HumanEval_55.py:16: in fib
    return fib(n - 1) + fib(n - 2)
           ^^^^^^^^^^
HumanEval_55.py:16: in fib
    return fib(n - 1) + fib(n - 2)
           ^^^^^^^^^^
HumanEval_55.py:16: in fib
    return fib(n - 1) + fib(n - 2)
           ^^^^^^^^^^
HumanEval_55.py:16: in fib
    return fib(n - 1) + fib(n - 2)
           ^^^^^^^^^^
HumanEval_55.py:16: in fib
    return fib(n - 1) + fib(n - 2)
           ^^^^^^^^^^
HumanEval_55.py:16: in fib
    return fib(n - 1) + fib(n - 2)
           ^^^^^^^^^^
HumanEval_55.py:16: in fib
    return fib(n - 1) + fib(n - 2)
           ^^^^^^^^^^
HumanEval_55.py:16: in fib
    return fib(n - 1) + fib(n - 2)
           ^^^^^^^^^^
HumanEval_55.py:16: in fib
    return fib(n - 1) + fib(n - 2)
           ^^^^^^^^^^
HumanEval_55.py:16: in fib
    return fib(n - 1) + fib(n - 2)
           ^^^^^^^^^^
HumanEval_55.py:16: in fib
    return fib(n - 1) + fib(n - 2)
           ^^^^^^^^^^
HumanEval_55.py:16: in fib
    return fib(n - 1) + fib(n - 2)
           ^^^^^^^^^^
HumanEval_55.py:16: in fib
    return fib(n - 1) + fib(n - 2)
           ^^^^^^^^^^
HumanEval_55.py:16: in fib
    return fib(n - 1) + fib(n - 2)
           ^^^^^^^^^^
HumanEval_55.py:16: in fib
    return fib(n - 1) + fib(n - 2)
           ^^^^^^^^^^
HumanEval_55.py:16: in fib
    return fib(n - 1) + fib(n - 2)
           ^^^^^^^^^^
HumanEval_55.py:16: in fib
    return fib(n - 1) + fib(n - 2)
           ^^^^^^^^^^
HumanEval_55.py:16: in fib
    return fib(n - 1) + fib(n - 2)
           ^^^^^^^^^^
HumanEval_55.py:16: in fib
    return fib(n - 1) + fib(n - 2)
           ^^^^^^^^^^
HumanEval_55.py:16: in fib
    return fib(n - 1) + fib(n - 2)
           ^^^^^^^^^^
HumanEval_55.py:16: in fib
    return fib(n - 1) + fib(n - 2)
           ^^^^^^^^^^
HumanEval_55.py:16: in fib
    return fib(n - 1) + fib(n - 2)
           ^^^^^^^^^^
HumanEval_55.py:16: in fib
    return fib(n - 1) + fib(n - 2)
           ^^^^^^^^^^
HumanEval_55.py:16: in fib
    return fib(n - 1) + fib(n - 2)
           ^^^^^^^^^^
HumanEval_55.py:16: in fib
    return fib(n - 1) + fib(n - 2)
           ^^^^^^^^^^
HumanEval_55.py:16: in fib
    return fib(n - 1) + fib(n - 2)
           ^^^^^^^^^^
HumanEval_55.py:16: in fib
    return fib(n - 1) + fib(n - 2)
           ^^^^^^^^^^
HumanEval_55.py:16: in fib
    return fib(n - 1) + fib(n - 2)
           ^^^^^^^^^^
HumanEval_55.py:16: in fib
    return fib(n - 1) + fib(n - 2)
           ^^^^^^^^^^
HumanEval_55.py:16: in fib
    return fib(n - 1) + fib(n - 2)
           ^^^^^^^^^^
HumanEval_55.py:16: in fib
    return fib(n - 1) + fib(n - 2)
           ^^^^^^^^^^
HumanEval_55.py:16: in fib
    return fib(n - 1) + fib(n - 2)
           ^^^^^^^^^^
HumanEval_55.py:16: in fib
    return fib(n - 1) + fib(n - 2)
           ^^^^^^^^^^
HumanEval_55.py:16: in fib
    return fib(n - 1) + fib(n - 2)
           ^^^^^^^^^^
HumanEval_55.py:16: in fib
    return fib(n - 1) + fib(n - 2)
           ^^^^^^^^^^
HumanEval_55.py:16: in fib
    return fib(n - 1) + fib(n - 2)
           ^^^^^^^^^^
HumanEval_55.py:16: in fib
    return fib(n - 1) + fib(n - 2)
           ^^^^^^^^^^
HumanEval_55.py:16: in fib
    return fib(n - 1) + fib(n - 2)
           ^^^^^^^^^^
HumanEval_55.py:16: in fib
    return fib(n - 1) + fib(n - 2)
           ^^^^^^^^^^
HumanEval_55.py:16: in fib
    return fib(n - 1) + fib(n - 2)
           ^^^^^^^^^^
HumanEval_55.py:16: in fib
    return fib(n - 1) + fib(n - 2)
           ^^^^^^^^^^
HumanEval_55.py:16: in fib
    return fib(n - 1) + fib(n - 2)
           ^^^^^^^^^^
HumanEval_55.py:16: in fib
    return fib(n - 1) + fib(n - 2)
           ^^^^^^^^^^
HumanEval_55.py:16: in fib
    return fib(n - 1) + fib(n - 2)
           ^^^^^^^^^^
HumanEval_55.py:16: in fib
    return fib(n - 1) + fib(n - 2)
           ^^^^^^^^^^
HumanEval_55.py:16: in fib
    return fib(n - 1) + fib(n - 2)
           ^^^^^^^^^^
HumanEval_55.py:16: in fib
    return fib(n - 1) + fib(n - 2)
           ^^^^^^^^^^
HumanEval_55.py:16: in fib
    return fib(n - 1) + fib(n - 2)
           ^^^^^^^^^^
HumanEval_55.py:16: in fib
    return fib(n - 1) + fib(n - 2)
           ^^^^^^^^^^
HumanEval_55.py:16: in fib
    return fib(n - 1) + fib(n - 2)
           ^^^^^^^^^^
HumanEval_55.py:16: in fib
    return fib(n - 1) + fib(n - 2)
           ^^^^^^^^^^
HumanEval_55.py:16: in fib
    return fib(n - 1) + fib(n - 2)
           ^^^^^^^^^^
HumanEval_55.py:16: in fib
    return fib(n - 1) + fib(n - 2)
           ^^^^^^^^^^
HumanEval_55.py:16: in fib
    return fib(n - 1) + fib(n - 2)
           ^^^^^^^^^^
HumanEval_55.py:16: in fib
    return fib(n - 1) + fib(n - 2)
           ^^^^^^^^^^
HumanEval_55.py:16: in fib
    return fib(n - 1) + fib(n - 2)
           ^^^^^^^^^^
HumanEval_55.py:16: in fib
    return fib(n - 1) + fib(n - 2)
           ^^^^^^^^^^
HumanEval_55.py:16: in fib
    return fib(n - 1) + fib(n - 2)
           ^^^^^^^^^^
HumanEval_55.py:16: in fib
    return fib(n - 1) + fib(n - 2)
           ^^^^^^^^^^
HumanEval_55.py:16: in fib
    return fib(n - 1) + fib(n - 2)
           ^^^^^^^^^^
HumanEval_55.py:16: in fib
    return fib(n - 1) + fib(n - 2)
           ^^^^^^^^^^
HumanEval_55.py:16: in fib
    return fib(n - 1) + fib(n - 2)
           ^^^^^^^^^^
HumanEval_55.py:16: in fib
    return fib(n - 1) + fib(n - 2)
           ^^^^^^^^^^
HumanEval_55.py:16: in fib
    return fib(n - 1) + fib(n - 2)
           ^^^^^^^^^^
HumanEval_55.py:16: in fib
    return fib(n - 1) + fib(n - 2)
           ^^^^^^^^^^
HumanEval_55.py:16: in fib
    return fib(n - 1) + fib(n - 2)
           ^^^^^^^^^^
HumanEval_55.py:16: in fib
    return fib(n - 1) + fib(n - 2)
           ^^^^^^^^^^
HumanEval_55.py:16: in fib
    return fib(n - 1) + fib(n - 2)
           ^^^^^^^^^^
HumanEval_55.py:16: in fib
    return fib(n - 1) + fib(n - 2)
           ^^^^^^^^^^
HumanEval_55.py:16: in fib
    return fib(n - 1) + fib(n - 2)
           ^^^^^^^^^^
HumanEval_55.py:16: in fib
    return fib(n - 1) + fib(n - 2)
           ^^^^^^^^^^
HumanEval_55.py:16: in fib
    return fib(n - 1) + fib(n - 2)
           ^^^^^^^^^^
HumanEval_55.py:16: in fib
    return fib(n - 1) + fib(n - 2)
           ^^^^^^^^^^
HumanEval_55.py:16: in fib
    return fib(n - 1) + fib(n - 2)
           ^^^^^^^^^^
HumanEval_55.py:16: in fib
    return fib(n - 1) + fib(n - 2)
           ^^^^^^^^^^
HumanEval_55.py:16: in fib
    return fib(n - 1) + fib(n - 2)
           ^^^^^^^^^^
HumanEval_55.py:16: in fib
    return fib(n - 1) + fib(n - 2)
           ^^^^^^^^^^
HumanEval_55.py:16: in fib
    return fib(n - 1) + fib(n - 2)
           ^^^^^^^^^^
HumanEval_55.py:16: in fib
    return fib(n - 1) + fib(n - 2)
           ^^^^^^^^^^
HumanEval_55.py:16: in fib
    return fib(n - 1) + fib(n - 2)
           ^^^^^^^^^^
HumanEval_55.py:16: in fib
    return fib(n - 1) + fib(n - 2)
           ^^^^^^^^^^
HumanEval_55.py:16: in fib
    return fib(n - 1) + fib(n - 2)
           ^^^^^^^^^^
HumanEval_55.py:16: in fib
    return fib(n - 1) + fib(n - 2)
           ^^^^^^^^^^
HumanEval_55.py:16: in fib
    return fib(n - 1) + fib(n - 2)
           ^^^^^^^^^^
HumanEval_55.py:16: in fib
    return fib(n - 1) + fib(n - 2)
           ^^^^^^^^^^
HumanEval_55.py:16: in fib
    return fib(n - 1) + fib(n - 2)
           ^^^^^^^^^^
HumanEval_55.py:16: in fib
    return fib(n - 1) + fib(n - 2)
           ^^^^^^^^^^
HumanEval_55.py:16: in fib
    return fib(n - 1) + fib(n - 2)
           ^^^^^^^^^^
HumanEval_55.py:16: in fib
    return fib(n - 1) + fib(n - 2)
           ^^^^^^^^^^
HumanEval_55.py:16: in fib
    return fib(n - 1) + fib(n - 2)
           ^^^^^^^^^^
HumanEval_55.py:16: in fib
    return fib(n - 1) + fib(n - 2)
           ^^^^^^^^^^
HumanEval_55.py:16: in fib
    return fib(n - 1) + fib(n - 2)
           ^^^^^^^^^^
HumanEval_55.py:16: in fib
    return fib(n - 1) + fib(n - 2)
           ^^^^^^^^^^
HumanEval_55.py:16: in fib
    return fib(n - 1) + fib(n - 2)
           ^^^^^^^^^^
HumanEval_55.py:16: in fib
    return fib(n - 1) + fib(n - 2)
           ^^^^^^^^^^
HumanEval_55.py:16: in fib
    return fib(n - 1) + fib(n - 2)
           ^^^^^^^^^^
HumanEval_55.py:16: in fib
    return fib(n - 1) + fib(n - 2)
           ^^^^^^^^^^
HumanEval_55.py:16: in fib
    return fib(n - 1) + fib(n - 2)
           ^^^^^^^^^^
HumanEval_55.py:16: in fib
    return fib(n - 1) + fib(n - 2)
           ^^^^^^^^^^
HumanEval_55.py:16: in fib
    return fib(n - 1) + fib(n - 2)
           ^^^^^^^^^^
HumanEval_55.py:16: in fib
    return fib(n - 1) + fib(n - 2)
           ^^^^^^^^^^
HumanEval_55.py:16: in fib
    return fib(n - 1) + fib(n - 2)
           ^^^^^^^^^^
HumanEval_55.py:16: in fib
    return fib(n - 1) + fib(n - 2)
           ^^^^^^^^^^
HumanEval_55.py:16: in fib
    return fib(n - 1) + fib(n - 2)
           ^^^^^^^^^^
HumanEval_55.py:16: in fib
    return fib(n - 1) + fib(n - 2)
           ^^^^^^^^^^
HumanEval_55.py:16: in fib
    return fib(n - 1) + fib(n - 2)
           ^^^^^^^^^^
HumanEval_55.py:16: in fib
    return fib(n - 1) + fib(n - 2)
           ^^^^^^^^^^
HumanEval_55.py:16: in fib
    return fib(n - 1) + fib(n - 2)
           ^^^^^^^^^^
HumanEval_55.py:16: in fib
    return fib(n - 1) + fib(n - 2)
           ^^^^^^^^^^
HumanEval_55.py:16: in fib
    return fib(n - 1) + fib(n - 2)
           ^^^^^^^^^^
HumanEval_55.py:16: in fib
    return fib(n - 1) + fib(n - 2)
           ^^^^^^^^^^
HumanEval_55.py:16: in fib
    return fib(n - 1) + fib(n - 2)
           ^^^^^^^^^^
HumanEval_55.py:16: in fib
    return fib(n - 1) + fib(n - 2)
           ^^^^^^^^^^
HumanEval_55.py:16: in fib
    return fib(n - 1) + fib(n - 2)
           ^^^^^^^^^^
HumanEval_55.py:16: in fib
    return fib(n - 1) + fib(n - 2)
           ^^^^^^^^^^
HumanEval_55.py:16: in fib
    return fib(n - 1) + fib(n - 2)
           ^^^^^^^^^^
HumanEval_55.py:16: in fib
    return fib(n - 1) + fib(n - 2)
           ^^^^^^^^^^
HumanEval_55.py:16: in fib
    return fib(n - 1) + fib(n - 2)
           ^^^^^^^^^^
HumanEval_55.py:16: in fib
    return fib(n - 1) + fib(n - 2)
           ^^^^^^^^^^
HumanEval_55.py:16: in fib
    return fib(n - 1) + fib(n - 2)
           ^^^^^^^^^^
HumanEval_55.py:16: in fib
    return fib(n - 1) + fib(n - 2)
           ^^^^^^^^^^
HumanEval_55.py:16: in fib
    return fib(n - 1) + fib(n - 2)
           ^^^^^^^^^^
HumanEval_55.py:16: in fib
    return fib(n - 1) + fib(n - 2)
           ^^^^^^^^^^
HumanEval_55.py:16: in fib
    return fib(n - 1) + fib(n - 2)
           ^^^^^^^^^^
HumanEval_55.py:16: in fib
    return fib(n - 1) + fib(n - 2)
           ^^^^^^^^^^
HumanEval_55.py:16: in fib
    return fib(n - 1) + fib(n - 2)
           ^^^^^^^^^^
HumanEval_55.py:16: in fib
    return fib(n - 1) + fib(n - 2)
           ^^^^^^^^^^
HumanEval_55.py:16: in fib
    return fib(n - 1) + fib(n - 2)
           ^^^^^^^^^^
HumanEval_55.py:16: in fib
    return fib(n - 1) + fib(n - 2)
           ^^^^^^^^^^
HumanEval_55.py:16: in fib
    return fib(n - 1) + fib(n - 2)
           ^^^^^^^^^^
HumanEval_55.py:16: in fib
    return fib(n - 1) + fib(n - 2)
           ^^^^^^^^^^
HumanEval_55.py:16: in fib
    return fib(n - 1) + fib(n - 2)
           ^^^^^^^^^^
HumanEval_55.py:16: in fib
    return fib(n - 1) + fib(n - 2)
           ^^^^^^^^^^
HumanEval_55.py:16: in fib
    return fib(n - 1) + fib(n - 2)
           ^^^^^^^^^^
HumanEval_55.py:16: in fib
    return fib(n - 1) + fib(n - 2)
           ^^^^^^^^^^
HumanEval_55.py:16: in fib
    return fib(n - 1) + fib(n - 2)
           ^^^^^^^^^^
HumanEval_55.py:16: in fib
    return fib(n - 1) + fib(n - 2)
           ^^^^^^^^^^
HumanEval_55.py:16: in fib
    return fib(n - 1) + fib(n - 2)
           ^^^^^^^^^^
HumanEval_55.py:16: in fib
    return fib(n - 1) + fib(n - 2)
           ^^^^^^^^^^
HumanEval_55.py:16: in fib
    return fib(n - 1) + fib(n - 2)
           ^^^^^^^^^^
HumanEval_55.py:16: in fib
    return fib(n - 1) + fib(n - 2)
           ^^^^^^^^^^
HumanEval_55.py:16: in fib
    return fib(n - 1) + fib(n - 2)
           ^^^^^^^^^^
HumanEval_55.py:16: in fib
    return fib(n - 1) + fib(n - 2)
           ^^^^^^^^^^
HumanEval_55.py:16: in fib
    return fib(n - 1) + fib(n - 2)
           ^^^^^^^^^^
HumanEval_55.py:16: in fib
    return fib(n - 1) + fib(n - 2)
           ^^^^^^^^^^
HumanEval_55.py:16: in fib
    return fib(n - 1) + fib(n - 2)
           ^^^^^^^^^^
HumanEval_55.py:16: in fib
    return fib(n - 1) + fib(n - 2)
           ^^^^^^^^^^
HumanEval_55.py:16: in fib
    return fib(n - 1) + fib(n - 2)
           ^^^^^^^^^^
HumanEval_55.py:16: in fib
    return fib(n - 1) + fib(n - 2)
           ^^^^^^^^^^
HumanEval_55.py:16: in fib
    return fib(n - 1) + fib(n - 2)
           ^^^^^^^^^^
HumanEval_55.py:16: in fib
    return fib(n - 1) + fib(n - 2)
           ^^^^^^^^^^
HumanEval_55.py:16: in fib
    return fib(n - 1) + fib(n - 2)
           ^^^^^^^^^^
HumanEval_55.py:16: in fib
    return fib(n - 1) + fib(n - 2)
           ^^^^^^^^^^
HumanEval_55.py:16: in fib
    return fib(n - 1) + fib(n - 2)
           ^^^^^^^^^^
HumanEval_55.py:16: in fib
    return fib(n - 1) + fib(n - 2)
           ^^^^^^^^^^
HumanEval_55.py:16: in fib
    return fib(n - 1) + fib(n - 2)
           ^^^^^^^^^^
HumanEval_55.py:16: in fib
    return fib(n - 1) + fib(n - 2)
           ^^^^^^^^^^
HumanEval_55.py:16: in fib
    return fib(n - 1) + fib(n - 2)
           ^^^^^^^^^^
HumanEval_55.py:16: in fib
    return fib(n - 1) + fib(n - 2)
           ^^^^^^^^^^
HumanEval_55.py:16: in fib
    return fib(n - 1) + fib(n - 2)
           ^^^^^^^^^^
HumanEval_55.py:16: in fib
    return fib(n - 1) + fib(n - 2)
           ^^^^^^^^^^
HumanEval_55.py:16: in fib
    return fib(n - 1) + fib(n - 2)
           ^^^^^^^^^^
HumanEval_55.py:16: in fib
    return fib(n - 1) + fib(n - 2)
           ^^^^^^^^^^
HumanEval_55.py:16: in fib
    return fib(n - 1) + fib(n - 2)
           ^^^^^^^^^^
HumanEval_55.py:16: in fib
    return fib(n - 1) + fib(n - 2)
           ^^^^^^^^^^
HumanEval_55.py:16: in fib
    return fib(n - 1) + fib(n - 2)
           ^^^^^^^^^^
HumanEval_55.py:16: in fib
    return fib(n - 1) + fib(n - 2)
           ^^^^^^^^^^
HumanEval_55.py:16: in fib
    return fib(n - 1) + fib(n - 2)
           ^^^^^^^^^^
HumanEval_55.py:16: in fib
    return fib(n - 1) + fib(n - 2)
           ^^^^^^^^^^
HumanEval_55.py:16: in fib
    return fib(n - 1) + fib(n - 2)
           ^^^^^^^^^^
HumanEval_55.py:16: in fib
    return fib(n - 1) + fib(n - 2)
           ^^^^^^^^^^
HumanEval_55.py:16: in fib
    return fib(n - 1) + fib(n - 2)
           ^^^^^^^^^^
HumanEval_55.py:16: in fib
    return fib(n - 1) + fib(n - 2)
           ^^^^^^^^^^
HumanEval_55.py:16: in fib
    return fib(n - 1) + fib(n - 2)
           ^^^^^^^^^^
HumanEval_55.py:16: in fib
    return fib(n - 1) + fib(n - 2)
           ^^^^^^^^^^
HumanEval_55.py:16: in fib
    return fib(n - 1) + fib(n - 2)
           ^^^^^^^^^^
HumanEval_55.py:16: in fib
    return fib(n - 1) + fib(n - 2)
           ^^^^^^^^^^
HumanEval_55.py:16: in fib
    return fib(n - 1) + fib(n - 2)
           ^^^^^^^^^^
HumanEval_55.py:16: in fib
    return fib(n - 1) + fib(n - 2)
           ^^^^^^^^^^
HumanEval_55.py:16: in fib
    return fib(n - 1) + fib(n - 2)
           ^^^^^^^^^^
HumanEval_55.py:16: in fib
    return fib(n - 1) + fib(n - 2)
           ^^^^^^^^^^
HumanEval_55.py:16: in fib
    return fib(n - 1) + fib(n - 2)
           ^^^^^^^^^^
HumanEval_55.py:16: in fib
    return fib(n - 1) + fib(n - 2)
           ^^^^^^^^^^
HumanEval_55.py:16: in fib
    return fib(n - 1) + fib(n - 2)
           ^^^^^^^^^^
HumanEval_55.py:16: in fib
    return fib(n - 1) + fib(n - 2)
           ^^^^^^^^^^
HumanEval_55.py:16: in fib
    return fib(n - 1) + fib(n - 2)
           ^^^^^^^^^^
HumanEval_55.py:16: in fib
    return fib(n - 1) + fib(n - 2)
           ^^^^^^^^^^
HumanEval_55.py:16: in fib
    return fib(n - 1) + fib(n - 2)
           ^^^^^^^^^^
HumanEval_55.py:16: in fib
    return fib(n - 1) + fib(n - 2)
           ^^^^^^^^^^
HumanEval_55.py:16: in fib
    return fib(n - 1) + fib(n - 2)
           ^^^^^^^^^^
HumanEval_55.py:16: in fib
    return fib(n - 1) + fib(n - 2)
           ^^^^^^^^^^
HumanEval_55.py:16: in fib
    return fib(n - 1) + fib(n - 2)
           ^^^^^^^^^^
HumanEval_55.py:16: in fib
    return fib(n - 1) + fib(n - 2)
           ^^^^^^^^^^
HumanEval_55.py:16: in fib
    return fib(n - 1) + fib(n - 2)
           ^^^^^^^^^^
HumanEval_55.py:16: in fib
    return fib(n - 1) + fib(n - 2)
           ^^^^^^^^^^
HumanEval_55.py:16: in fib
    return fib(n - 1) + fib(n - 2)
           ^^^^^^^^^^
HumanEval_55.py:16: in fib
    return fib(n - 1) + fib(n - 2)
           ^^^^^^^^^^
HumanEval_55.py:16: in fib
    return fib(n - 1) + fib(n - 2)
           ^^^^^^^^^^
HumanEval_55.py:16: in fib
    return fib(n - 1) + fib(n - 2)
           ^^^^^^^^^^
HumanEval_55.py:16: in fib
    return fib(n - 1) + fib(n - 2)
           ^^^^^^^^^^
HumanEval_55.py:16: in fib
    return fib(n - 1) + fib(n - 2)
           ^^^^^^^^^^
HumanEval_55.py:16: in fib
    return fib(n - 1) + fib(n - 2)
           ^^^^^^^^^^
HumanEval_55.py:16: in fib
    return fib(n - 1) + fib(n - 2)
           ^^^^^^^^^^
HumanEval_55.py:16: in fib
    return fib(n - 1) + fib(n - 2)
           ^^^^^^^^^^
HumanEval_55.py:16: in fib
    return fib(n - 1) + fib(n - 2)
           ^^^^^^^^^^
HumanEval_55.py:16: in fib
    return fib(n - 1) + fib(n - 2)
           ^^^^^^^^^^
HumanEval_55.py:16: in fib
    return fib(n - 1) + fib(n - 2)
           ^^^^^^^^^^
HumanEval_55.py:16: in fib
    return fib(n - 1) + fib(n - 2)
           ^^^^^^^^^^
HumanEval_55.py:16: in fib
    return fib(n - 1) + fib(n - 2)
           ^^^^^^^^^^
HumanEval_55.py:16: in fib
    return fib(n - 1) + fib(n - 2)
           ^^^^^^^^^^
HumanEval_55.py:16: in fib
    return fib(n - 1) + fib(n - 2)
           ^^^^^^^^^^
HumanEval_55.py:16: in fib
    return fib(n - 1) + fib(n - 2)
           ^^^^^^^^^^
HumanEval_55.py:16: in fib
    return fib(n - 1) + fib(n - 2)
           ^^^^^^^^^^
HumanEval_55.py:16: in fib
    return fib(n - 1) + fib(n - 2)
           ^^^^^^^^^^
HumanEval_55.py:16: in fib
    return fib(n - 1) + fib(n - 2)
           ^^^^^^^^^^
HumanEval_55.py:16: in fib
    return fib(n - 1) + fib(n - 2)
           ^^^^^^^^^^
HumanEval_55.py:16: in fib
    return fib(n - 1) + fib(n - 2)
           ^^^^^^^^^^
HumanEval_55.py:16: in fib
    return fib(n - 1) + fib(n - 2)
           ^^^^^^^^^^
HumanEval_55.py:16: in fib
    return fib(n - 1) + fib(n - 2)
           ^^^^^^^^^^
HumanEval_55.py:16: in fib
    return fib(n - 1) + fib(n - 2)
           ^^^^^^^^^^
HumanEval_55.py:16: in fib
    return fib(n - 1) + fib(n - 2)
           ^^^^^^^^^^
HumanEval_55.py:16: in fib
    return fib(n - 1) + fib(n - 2)
           ^^^^^^^^^^
HumanEval_55.py:16: in fib
    return fib(n - 1) + fib(n - 2)
           ^^^^^^^^^^
HumanEval_55.py:16: in fib
    return fib(n - 1) + fib(n - 2)
           ^^^^^^^^^^
HumanEval_55.py:16: in fib
    return fib(n - 1) + fib(n - 2)
           ^^^^^^^^^^
HumanEval_55.py:16: in fib
    return fib(n - 1) + fib(n - 2)
           ^^^^^^^^^^
HumanEval_55.py:16: in fib
    return fib(n - 1) + fib(n - 2)
           ^^^^^^^^^^
HumanEval_55.py:16: in fib
    return fib(n - 1) + fib(n - 2)
           ^^^^^^^^^^
HumanEval_55.py:16: in fib
    return fib(n - 1) + fib(n - 2)
           ^^^^^^^^^^
HumanEval_55.py:16: in fib
    return fib(n - 1) + fib(n - 2)
           ^^^^^^^^^^
HumanEval_55.py:16: in fib
    return fib(n - 1) + fib(n - 2)
           ^^^^^^^^^^
HumanEval_55.py:16: in fib
    return fib(n - 1) + fib(n - 2)
           ^^^^^^^^^^
HumanEval_55.py:16: in fib
    return fib(n - 1) + fib(n - 2)
           ^^^^^^^^^^
HumanEval_55.py:16: in fib
    return fib(n - 1) + fib(n - 2)
           ^^^^^^^^^^
HumanEval_55.py:16: in fib
    return fib(n - 1) + fib(n - 2)
           ^^^^^^^^^^
HumanEval_55.py:16: in fib
    return fib(n - 1) + fib(n - 2)
           ^^^^^^^^^^
HumanEval_55.py:16: in fib
    return fib(n - 1) + fib(n - 2)
           ^^^^^^^^^^
HumanEval_55.py:16: in fib
    return fib(n - 1) + fib(n - 2)
           ^^^^^^^^^^
HumanEval_55.py:16: in fib
    return fib(n - 1) + fib(n - 2)
           ^^^^^^^^^^
HumanEval_55.py:16: in fib
    return fib(n - 1) + fib(n - 2)
           ^^^^^^^^^^
HumanEval_55.py:16: in fib
    return fib(n - 1) + fib(n - 2)
           ^^^^^^^^^^
HumanEval_55.py:16: in fib
    return fib(n - 1) + fib(n - 2)
           ^^^^^^^^^^
HumanEval_55.py:16: in fib
    return fib(n - 1) + fib(n - 2)
           ^^^^^^^^^^
HumanEval_55.py:16: in fib
    return fib(n - 1) + fib(n - 2)
           ^^^^^^^^^^
HumanEval_55.py:16: in fib
    return fib(n - 1) + fib(n - 2)
           ^^^^^^^^^^
HumanEval_55.py:16: in fib
    return fib(n - 1) + fib(n - 2)
           ^^^^^^^^^^
HumanEval_55.py:16: in fib
    return fib(n - 1) + fib(n - 2)
           ^^^^^^^^^^
HumanEval_55.py:16: in fib
    return fib(n - 1) + fib(n - 2)
           ^^^^^^^^^^
HumanEval_55.py:16: in fib
    return fib(n - 1) + fib(n - 2)
           ^^^^^^^^^^
HumanEval_55.py:16: in fib
    return fib(n - 1) + fib(n - 2)
           ^^^^^^^^^^
HumanEval_55.py:16: in fib
    return fib(n - 1) + fib(n - 2)
           ^^^^^^^^^^
HumanEval_55.py:16: in fib
    return fib(n - 1) + fib(n - 2)
           ^^^^^^^^^^
HumanEval_55.py:16: in fib
    return fib(n - 1) + fib(n - 2)
           ^^^^^^^^^^
HumanEval_55.py:16: in fib
    return fib(n - 1) + fib(n - 2)
           ^^^^^^^^^^
HumanEval_55.py:16: in fib
    return fib(n - 1) + fib(n - 2)
           ^^^^^^^^^^
HumanEval_55.py:16: in fib
    return fib(n - 1) + fib(n - 2)
           ^^^^^^^^^^
HumanEval_55.py:16: in fib
    return fib(n - 1) + fib(n - 2)
           ^^^^^^^^^^
HumanEval_55.py:16: in fib
    return fib(n - 1) + fib(n - 2)
           ^^^^^^^^^^
HumanEval_55.py:16: in fib
    return fib(n - 1) + fib(n - 2)
           ^^^^^^^^^^
HumanEval_55.py:16: in fib
    return fib(n - 1) + fib(n - 2)
           ^^^^^^^^^^
HumanEval_55.py:16: in fib
    return fib(n - 1) + fib(n - 2)
           ^^^^^^^^^^
HumanEval_55.py:16: in fib
    return fib(n - 1) + fib(n - 2)
           ^^^^^^^^^^
HumanEval_55.py:16: in fib
    return fib(n - 1) + fib(n - 2)
           ^^^^^^^^^^
HumanEval_55.py:16: in fib
    return fib(n - 1) + fib(n - 2)
           ^^^^^^^^^^
HumanEval_55.py:16: in fib
    return fib(n - 1) + fib(n - 2)
           ^^^^^^^^^^
HumanEval_55.py:16: in fib
    return fib(n - 1) + fib(n - 2)
           ^^^^^^^^^^
HumanEval_55.py:16: in fib
    return fib(n - 1) + fib(n - 2)
           ^^^^^^^^^^
HumanEval_55.py:16: in fib
    return fib(n - 1) + fib(n - 2)
           ^^^^^^^^^^
HumanEval_55.py:16: in fib
    return fib(n - 1) + fib(n - 2)
           ^^^^^^^^^^
HumanEval_55.py:16: in fib
    return fib(n - 1) + fib(n - 2)
           ^^^^^^^^^^
HumanEval_55.py:16: in fib
    return fib(n - 1) + fib(n - 2)
           ^^^^^^^^^^
HumanEval_55.py:16: in fib
    return fib(n - 1) + fib(n - 2)
           ^^^^^^^^^^
HumanEval_55.py:16: in fib
    return fib(n - 1) + fib(n - 2)
           ^^^^^^^^^^
HumanEval_55.py:16: in fib
    return fib(n - 1) + fib(n - 2)
           ^^^^^^^^^^
HumanEval_55.py:16: in fib
    return fib(n - 1) + fib(n - 2)
           ^^^^^^^^^^
HumanEval_55.py:16: in fib
    return fib(n - 1) + fib(n - 2)
           ^^^^^^^^^^
HumanEval_55.py:16: in fib
    return fib(n - 1) + fib(n - 2)
           ^^^^^^^^^^
HumanEval_55.py:16: in fib
    return fib(n - 1) + fib(n - 2)
           ^^^^^^^^^^
HumanEval_55.py:16: in fib
    return fib(n - 1) + fib(n - 2)
           ^^^^^^^^^^
HumanEval_55.py:16: in fib
    return fib(n - 1) + fib(n - 2)
           ^^^^^^^^^^
HumanEval_55.py:16: in fib
    return fib(n - 1) + fib(n - 2)
           ^^^^^^^^^^
HumanEval_55.py:16: in fib
    return fib(n - 1) + fib(n - 2)
           ^^^^^^^^^^
HumanEval_55.py:16: in fib
    return fib(n - 1) + fib(n - 2)
           ^^^^^^^^^^
HumanEval_55.py:16: in fib
    return fib(n - 1) + fib(n - 2)
           ^^^^^^^^^^
HumanEval_55.py:16: in fib
    return fib(n - 1) + fib(n - 2)
           ^^^^^^^^^^
HumanEval_55.py:16: in fib
    return fib(n - 1) + fib(n - 2)
           ^^^^^^^^^^
HumanEval_55.py:16: in fib
    return fib(n - 1) + fib(n - 2)
           ^^^^^^^^^^
HumanEval_55.py:16: in fib
    return fib(n - 1) + fib(n - 2)
           ^^^^^^^^^^
HumanEval_55.py:16: in fib
    return fib(n - 1) + fib(n - 2)
           ^^^^^^^^^^
HumanEval_55.py:16: in fib
    return fib(n - 1) + fib(n - 2)
           ^^^^^^^^^^
HumanEval_55.py:16: in fib
    return fib(n - 1) + fib(n - 2)
           ^^^^^^^^^^
HumanEval_55.py:16: in fib
    return fib(n - 1) + fib(n - 2)
           ^^^^^^^^^^
HumanEval_55.py:16: in fib
    return fib(n - 1) + fib(n - 2)
           ^^^^^^^^^^
HumanEval_55.py:16: in fib
    return fib(n - 1) + fib(n - 2)
           ^^^^^^^^^^
HumanEval_55.py:16: in fib
    return fib(n - 1) + fib(n - 2)
           ^^^^^^^^^^
HumanEval_55.py:16: in fib
    return fib(n - 1) + fib(n - 2)
           ^^^^^^^^^^
HumanEval_55.py:16: in fib
    return fib(n - 1) + fib(n - 2)
           ^^^^^^^^^^
HumanEval_55.py:16: in fib
    return fib(n - 1) + fib(n - 2)
           ^^^^^^^^^^
HumanEval_55.py:16: in fib
    return fib(n - 1) + fib(n - 2)
           ^^^^^^^^^^
HumanEval_55.py:16: in fib
    return fib(n - 1) + fib(n - 2)
           ^^^^^^^^^^
HumanEval_55.py:16: in fib
    return fib(n - 1) + fib(n - 2)
           ^^^^^^^^^^
HumanEval_55.py:16: in fib
    return fib(n - 1) + fib(n - 2)
           ^^^^^^^^^^
HumanEval_55.py:16: in fib
    return fib(n - 1) + fib(n - 2)
           ^^^^^^^^^^
HumanEval_55.py:16: in fib
    return fib(n - 1) + fib(n - 2)
           ^^^^^^^^^^
HumanEval_55.py:16: in fib
    return fib(n - 1) + fib(n - 2)
           ^^^^^^^^^^
HumanEval_55.py:16: in fib
    return fib(n - 1) + fib(n - 2)
           ^^^^^^^^^^
HumanEval_55.py:16: in fib
    return fib(n - 1) + fib(n - 2)
           ^^^^^^^^^^
HumanEval_55.py:16: in fib
    return fib(n - 1) + fib(n - 2)
           ^^^^^^^^^^
HumanEval_55.py:16: in fib
    return fib(n - 1) + fib(n - 2)
           ^^^^^^^^^^
HumanEval_55.py:16: in fib
    return fib(n - 1) + fib(n - 2)
           ^^^^^^^^^^
HumanEval_55.py:16: in fib
    return fib(n - 1) + fib(n - 2)
           ^^^^^^^^^^
HumanEval_55.py:16: in fib
    return fib(n - 1) + fib(n - 2)
           ^^^^^^^^^^
HumanEval_55.py:16: in fib
    return fib(n - 1) + fib(n - 2)
           ^^^^^^^^^^
HumanEval_55.py:16: in fib
    return fib(n - 1) + fib(n - 2)
           ^^^^^^^^^^
HumanEval_55.py:16: in fib
    return fib(n - 1) + fib(n - 2)
           ^^^^^^^^^^
HumanEval_55.py:16: in fib
    return fib(n - 1) + fib(n - 2)
           ^^^^^^^^^^
HumanEval_55.py:16: in fib
    return fib(n - 1) + fib(n - 2)
           ^^^^^^^^^^
HumanEval_55.py:16: in fib
    return fib(n - 1) + fib(n - 2)
           ^^^^^^^^^^
HumanEval_55.py:16: in fib
    return fib(n - 1) + fib(n - 2)
           ^^^^^^^^^^
HumanEval_55.py:16: in fib
    return fib(n - 1) + fib(n - 2)
           ^^^^^^^^^^
HumanEval_55.py:16: in fib
    return fib(n - 1) + fib(n - 2)
           ^^^^^^^^^^
HumanEval_55.py:16: in fib
    return fib(n - 1) + fib(n - 2)
           ^^^^^^^^^^
HumanEval_55.py:16: in fib
    return fib(n - 1) + fib(n - 2)
           ^^^^^^^^^^
HumanEval_55.py:16: in fib
    return fib(n - 1) + fib(n - 2)
           ^^^^^^^^^^
HumanEval_55.py:16: in fib
    return fib(n - 1) + fib(n - 2)
           ^^^^^^^^^^
HumanEval_55.py:16: in fib
    return fib(n - 1) + fib(n - 2)
           ^^^^^^^^^^
HumanEval_55.py:16: in fib
    return fib(n - 1) + fib(n - 2)
           ^^^^^^^^^^
HumanEval_55.py:16: in fib
    return fib(n - 1) + fib(n - 2)
           ^^^^^^^^^^
HumanEval_55.py:16: in fib
    return fib(n - 1) + fib(n - 2)
           ^^^^^^^^^^
HumanEval_55.py:16: in fib
    return fib(n - 1) + fib(n - 2)
           ^^^^^^^^^^
HumanEval_55.py:16: in fib
    return fib(n - 1) + fib(n - 2)
           ^^^^^^^^^^
HumanEval_55.py:16: in fib
    return fib(n - 1) + fib(n - 2)
           ^^^^^^^^^^
HumanEval_55.py:16: in fib
    return fib(n - 1) + fib(n - 2)
           ^^^^^^^^^^
HumanEval_55.py:16: in fib
    return fib(n - 1) + fib(n - 2)
           ^^^^^^^^^^
HumanEval_55.py:16: in fib
    return fib(n - 1) + fib(n - 2)
           ^^^^^^^^^^
HumanEval_55.py:16: in fib
    return fib(n - 1) + fib(n - 2)
           ^^^^^^^^^^
HumanEval_55.py:16: in fib
    return fib(n - 1) + fib(n - 2)
           ^^^^^^^^^^
HumanEval_55.py:16: in fib
    return fib(n - 1) + fib(n - 2)
           ^^^^^^^^^^
HumanEval_55.py:16: in fib
    return fib(n - 1) + fib(n - 2)
           ^^^^^^^^^^
HumanEval_55.py:16: in fib
    return fib(n - 1) + fib(n - 2)
           ^^^^^^^^^^
HumanEval_55.py:16: in fib
    return fib(n - 1) + fib(n - 2)
           ^^^^^^^^^^
HumanEval_55.py:16: in fib
    return fib(n - 1) + fib(n - 2)
           ^^^^^^^^^^
HumanEval_55.py:16: in fib
    return fib(n - 1) + fib(n - 2)
           ^^^^^^^^^^
HumanEval_55.py:16: in fib
    return fib(n - 1) + fib(n - 2)
           ^^^^^^^^^^
HumanEval_55.py:16: in fib
    return fib(n - 1) + fib(n - 2)
           ^^^^^^^^^^
HumanEval_55.py:16: in fib
    return fib(n - 1) + fib(n - 2)
           ^^^^^^^^^^
HumanEval_55.py:16: in fib
    return fib(n - 1) + fib(n - 2)
           ^^^^^^^^^^
HumanEval_55.py:16: in fib
    return fib(n - 1) + fib(n - 2)
           ^^^^^^^^^^
HumanEval_55.py:16: in fib
    return fib(n - 1) + fib(n - 2)
           ^^^^^^^^^^
HumanEval_55.py:16: in fib
    return fib(n - 1) + fib(n - 2)
           ^^^^^^^^^^
HumanEval_55.py:16: in fib
    return fib(n - 1) + fib(n - 2)
           ^^^^^^^^^^
HumanEval_55.py:16: in fib
    return fib(n - 1) + fib(n - 2)
           ^^^^^^^^^^
HumanEval_55.py:16: in fib
    return fib(n - 1) + fib(n - 2)
           ^^^^^^^^^^
HumanEval_55.py:16: in fib
    return fib(n - 1) + fib(n - 2)
           ^^^^^^^^^^
HumanEval_55.py:16: in fib
    return fib(n - 1) + fib(n - 2)
           ^^^^^^^^^^
HumanEval_55.py:16: in fib
    return fib(n - 1) + fib(n - 2)
           ^^^^^^^^^^
HumanEval_55.py:16: in fib
    return fib(n - 1) + fib(n - 2)
           ^^^^^^^^^^
HumanEval_55.py:16: in fib
    return fib(n - 1) + fib(n - 2)
           ^^^^^^^^^^
HumanEval_55.py:16: in fib
    return fib(n - 1) + fib(n - 2)
           ^^^^^^^^^^
HumanEval_55.py:16: in fib
    return fib(n - 1) + fib(n - 2)
           ^^^^^^^^^^
HumanEval_55.py:16: in fib
    return fib(n - 1) + fib(n - 2)
           ^^^^^^^^^^
HumanEval_55.py:16: in fib
    return fib(n - 1) + fib(n - 2)
           ^^^^^^^^^^
HumanEval_55.py:16: in fib
    return fib(n - 1) + fib(n - 2)
           ^^^^^^^^^^
HumanEval_55.py:16: in fib
    return fib(n - 1) + fib(n - 2)
           ^^^^^^^^^^
HumanEval_55.py:16: in fib
    return fib(n - 1) + fib(n - 2)
           ^^^^^^^^^^
HumanEval_55.py:16: in fib
    return fib(n - 1) + fib(n - 2)
           ^^^^^^^^^^
HumanEval_55.py:16: in fib
    return fib(n - 1) + fib(n - 2)
           ^^^^^^^^^^
HumanEval_55.py:16: in fib
    return fib(n - 1) + fib(n - 2)
           ^^^^^^^^^^
HumanEval_55.py:16: in fib
    return fib(n - 1) + fib(n - 2)
           ^^^^^^^^^^
HumanEval_55.py:16: in fib
    return fib(n - 1) + fib(n - 2)
           ^^^^^^^^^^
HumanEval_55.py:16: in fib
    return fib(n - 1) + fib(n - 2)
           ^^^^^^^^^^
HumanEval_55.py:16: in fib
    return fib(n - 1) + fib(n - 2)
           ^^^^^^^^^^
HumanEval_55.py:16: in fib
    return fib(n - 1) + fib(n - 2)
           ^^^^^^^^^^
HumanEval_55.py:16: in fib
    return fib(n - 1) + fib(n - 2)
           ^^^^^^^^^^
HumanEval_55.py:16: in fib
    return fib(n - 1) + fib(n - 2)
           ^^^^^^^^^^
HumanEval_55.py:16: in fib
    return fib(n - 1) + fib(n - 2)
           ^^^^^^^^^^
HumanEval_55.py:16: in fib
    return fib(n - 1) + fib(n - 2)
           ^^^^^^^^^^
HumanEval_55.py:16: in fib
    return fib(n - 1) + fib(n - 2)
           ^^^^^^^^^^
HumanEval_55.py:16: in fib
    return fib(n - 1) + fib(n - 2)
           ^^^^^^^^^^
HumanEval_55.py:16: in fib
    return fib(n - 1) + fib(n - 2)
           ^^^^^^^^^^
HumanEval_55.py:16: in fib
    return fib(n - 1) + fib(n - 2)
           ^^^^^^^^^^
HumanEval_55.py:16: in fib
    return fib(n - 1) + fib(n - 2)
           ^^^^^^^^^^
HumanEval_55.py:16: in fib
    return fib(n - 1) + fib(n - 2)
           ^^^^^^^^^^
HumanEval_55.py:16: in fib
    return fib(n - 1) + fib(n - 2)
           ^^^^^^^^^^
HumanEval_55.py:16: in fib
    return fib(n - 1) + fib(n - 2)
           ^^^^^^^^^^
HumanEval_55.py:16: in fib
    return fib(n - 1) + fib(n - 2)
           ^^^^^^^^^^
HumanEval_55.py:16: in fib
    return fib(n - 1) + fib(n - 2)
           ^^^^^^^^^^
HumanEval_55.py:16: in fib
    return fib(n - 1) + fib(n - 2)
           ^^^^^^^^^^
HumanEval_55.py:16: in fib
    return fib(n - 1) + fib(n - 2)
           ^^^^^^^^^^
HumanEval_55.py:16: in fib
    return fib(n - 1) + fib(n - 2)
           ^^^^^^^^^^
HumanEval_55.py:16: in fib
    return fib(n - 1) + fib(n - 2)
           ^^^^^^^^^^
HumanEval_55.py:16: in fib
    return fib(n - 1) + fib(n - 2)
           ^^^^^^^^^^
HumanEval_55.py:16: in fib
    return fib(n - 1) + fib(n - 2)
           ^^^^^^^^^^
HumanEval_55.py:16: in fib
    return fib(n - 1) + fib(n - 2)
           ^^^^^^^^^^
HumanEval_55.py:16: in fib
    return fib(n - 1) + fib(n - 2)
           ^^^^^^^^^^
HumanEval_55.py:16: in fib
    return fib(n - 1) + fib(n - 2)
           ^^^^^^^^^^
HumanEval_55.py:16: in fib
    return fib(n - 1) + fib(n - 2)
           ^^^^^^^^^^
HumanEval_55.py:16: in fib
    return fib(n - 1) + fib(n - 2)
           ^^^^^^^^^^
HumanEval_55.py:16: in fib
    return fib(n - 1) + fib(n - 2)
           ^^^^^^^^^^
HumanEval_55.py:16: in fib
    return fib(n - 1) + fib(n - 2)
           ^^^^^^^^^^
HumanEval_55.py:16: in fib
    return fib(n - 1) + fib(n - 2)
           ^^^^^^^^^^
HumanEval_55.py:16: in fib
    return fib(n - 1) + fib(n - 2)
           ^^^^^^^^^^
HumanEval_55.py:16: in fib
    return fib(n - 1) + fib(n - 2)
           ^^^^^^^^^^
HumanEval_55.py:16: in fib
    return fib(n - 1) + fib(n - 2)
           ^^^^^^^^^^
HumanEval_55.py:16: in fib
    return fib(n - 1) + fib(n - 2)
           ^^^^^^^^^^
HumanEval_55.py:16: in fib
    return fib(n - 1) + fib(n - 2)
           ^^^^^^^^^^
HumanEval_55.py:16: in fib
    return fib(n - 1) + fib(n - 2)
           ^^^^^^^^^^
HumanEval_55.py:16: in fib
    return fib(n - 1) + fib(n - 2)
           ^^^^^^^^^^
HumanEval_55.py:16: in fib
    return fib(n - 1) + fib(n - 2)
           ^^^^^^^^^^
HumanEval_55.py:16: in fib
    return fib(n - 1) + fib(n - 2)
           ^^^^^^^^^^
HumanEval_55.py:16: in fib
    return fib(n - 1) + fib(n - 2)
           ^^^^^^^^^^
HumanEval_55.py:16: in fib
    return fib(n - 1) + fib(n - 2)
           ^^^^^^^^^^
HumanEval_55.py:16: in fib
    return fib(n - 1) + fib(n - 2)
           ^^^^^^^^^^
HumanEval_55.py:16: in fib
    return fib(n - 1) + fib(n - 2)
           ^^^^^^^^^^
HumanEval_55.py:16: in fib
    return fib(n - 1) + fib(n - 2)
           ^^^^^^^^^^
HumanEval_55.py:16: in fib
    return fib(n - 1) + fib(n - 2)
           ^^^^^^^^^^
HumanEval_55.py:16: in fib
    return fib(n - 1) + fib(n - 2)
           ^^^^^^^^^^
HumanEval_55.py:16: in fib
    return fib(n - 1) + fib(n - 2)
           ^^^^^^^^^^
HumanEval_55.py:16: in fib
    return fib(n - 1) + fib(n - 2)
           ^^^^^^^^^^
HumanEval_55.py:16: in fib
    return fib(n - 1) + fib(n - 2)
           ^^^^^^^^^^
HumanEval_55.py:16: in fib
    return fib(n - 1) + fib(n - 2)
           ^^^^^^^^^^
HumanEval_55.py:16: in fib
    return fib(n - 1) + fib(n - 2)
           ^^^^^^^^^^
HumanEval_55.py:16: in fib
    return fib(n - 1) + fib(n - 2)
           ^^^^^^^^^^
HumanEval_55.py:16: in fib
    return fib(n - 1) + fib(n - 2)
           ^^^^^^^^^^
HumanEval_55.py:16: in fib
    return fib(n - 1) + fib(n - 2)
           ^^^^^^^^^^
HumanEval_55.py:16: in fib
    return fib(n - 1) + fib(n - 2)
           ^^^^^^^^^^
HumanEval_55.py:16: in fib
    return fib(n - 1) + fib(n - 2)
           ^^^^^^^^^^
HumanEval_55.py:16: in fib
    return fib(n - 1) + fib(n - 2)
           ^^^^^^^^^^
HumanEval_55.py:16: in fib
    return fib(n - 1) + fib(n - 2)
           ^^^^^^^^^^
HumanEval_55.py:16: in fib
    return fib(n - 1) + fib(n - 2)
           ^^^^^^^^^^
HumanEval_55.py:16: in fib
    return fib(n - 1) + fib(n - 2)
           ^^^^^^^^^^
HumanEval_55.py:16: in fib
    return fib(n - 1) + fib(n - 2)
           ^^^^^^^^^^
HumanEval_55.py:16: in fib
    return fib(n - 1) + fib(n - 2)
           ^^^^^^^^^^
HumanEval_55.py:16: in fib
    return fib(n - 1) + fib(n - 2)
           ^^^^^^^^^^
HumanEval_55.py:16: in fib
    return fib(n - 1) + fib(n - 2)
           ^^^^^^^^^^
HumanEval_55.py:16: in fib
    return fib(n - 1) + fib(n - 2)
           ^^^^^^^^^^
HumanEval_55.py:16: in fib
    return fib(n - 1) + fib(n - 2)
           ^^^^^^^^^^
HumanEval_55.py:16: in fib
    return fib(n - 1) + fib(n - 2)
           ^^^^^^^^^^
HumanEval_55.py:16: in fib
    return fib(n - 1) + fib(n - 2)
           ^^^^^^^^^^
HumanEval_55.py:16: in fib
    return fib(n - 1) + fib(n - 2)
           ^^^^^^^^^^
HumanEval_55.py:16: in fib
    return fib(n - 1) + fib(n - 2)
           ^^^^^^^^^^
HumanEval_55.py:16: in fib
    return fib(n - 1) + fib(n - 2)
           ^^^^^^^^^^
HumanEval_55.py:16: in fib
    return fib(n - 1) + fib(n - 2)
           ^^^^^^^^^^
HumanEval_55.py:16: in fib
    return fib(n - 1) + fib(n - 2)
           ^^^^^^^^^^
HumanEval_55.py:16: in fib
    return fib(n - 1) + fib(n - 2)
           ^^^^^^^^^^
HumanEval_55.py:16: in fib
    return fib(n - 1) + fib(n - 2)
           ^^^^^^^^^^
HumanEval_55.py:16: in fib
    return fib(n - 1) + fib(n - 2)
           ^^^^^^^^^^
HumanEval_55.py:16: in fib
    return fib(n - 1) + fib(n - 2)
           ^^^^^^^^^^
HumanEval_55.py:16: in fib
    return fib(n - 1) + fib(n - 2)
           ^^^^^^^^^^
HumanEval_55.py:16: in fib
    return fib(n - 1) + fib(n - 2)
           ^^^^^^^^^^
HumanEval_55.py:16: in fib
    return fib(n - 1) + fib(n - 2)
           ^^^^^^^^^^
HumanEval_55.py:16: in fib
    return fib(n - 1) + fib(n - 2)
           ^^^^^^^^^^
HumanEval_55.py:16: in fib
    return fib(n - 1) + fib(n - 2)
           ^^^^^^^^^^
HumanEval_55.py:16: in fib
    return fib(n - 1) + fib(n - 2)
           ^^^^^^^^^^
HumanEval_55.py:16: in fib
    return fib(n - 1) + fib(n - 2)
           ^^^^^^^^^^
HumanEval_55.py:16: in fib
    return fib(n - 1) + fib(n - 2)
           ^^^^^^^^^^
HumanEval_55.py:16: in fib
    return fib(n - 1) + fib(n - 2)
           ^^^^^^^^^^
HumanEval_55.py:16: in fib
    return fib(n - 1) + fib(n - 2)
           ^^^^^^^^^^
HumanEval_55.py:16: in fib
    return fib(n - 1) + fib(n - 2)
           ^^^^^^^^^^
HumanEval_55.py:16: in fib
    return fib(n - 1) + fib(n - 2)
           ^^^^^^^^^^
HumanEval_55.py:16: in fib
    return fib(n - 1) + fib(n - 2)
           ^^^^^^^^^^
HumanEval_55.py:16: in fib
    return fib(n - 1) + fib(n - 2)
           ^^^^^^^^^^
HumanEval_55.py:16: in fib
    return fib(n - 1) + fib(n - 2)
           ^^^^^^^^^^
HumanEval_55.py:16: in fib
    return fib(n - 1) + fib(n - 2)
           ^^^^^^^^^^
HumanEval_55.py:16: in fib
    return fib(n - 1) + fib(n - 2)
           ^^^^^^^^^^
HumanEval_55.py:16: in fib
    return fib(n - 1) + fib(n - 2)
           ^^^^^^^^^^
HumanEval_55.py:16: in fib
    return fib(n - 1) + fib(n - 2)
           ^^^^^^^^^^
HumanEval_55.py:16: in fib
    return fib(n - 1) + fib(n - 2)
           ^^^^^^^^^^
HumanEval_55.py:16: in fib
    return fib(n - 1) + fib(n - 2)
           ^^^^^^^^^^
HumanEval_55.py:16: in fib
    return fib(n - 1) + fib(n - 2)
           ^^^^^^^^^^
HumanEval_55.py:16: in fib
    return fib(n - 1) + fib(n - 2)
           ^^^^^^^^^^
HumanEval_55.py:16: in fib
    return fib(n - 1) + fib(n - 2)
           ^^^^^^^^^^
HumanEval_55.py:16: in fib
    return fib(n - 1) + fib(n - 2)
           ^^^^^^^^^^
HumanEval_55.py:16: in fib
    return fib(n - 1) + fib(n - 2)
           ^^^^^^^^^^
HumanEval_55.py:16: in fib
    return fib(n - 1) + fib(n - 2)
           ^^^^^^^^^^
HumanEval_55.py:16: in fib
    return fib(n - 1) + fib(n - 2)
           ^^^^^^^^^^
HumanEval_55.py:16: in fib
    return fib(n - 1) + fib(n - 2)
           ^^^^^^^^^^
HumanEval_55.py:16: in fib
    return fib(n - 1) + fib(n - 2)
           ^^^^^^^^^^
HumanEval_55.py:16: in fib
    return fib(n - 1) + fib(n - 2)
           ^^^^^^^^^^
HumanEval_55.py:16: in fib
    return fib(n - 1) + fib(n - 2)
           ^^^^^^^^^^
HumanEval_55.py:16: in fib
    return fib(n - 1) + fib(n - 2)
           ^^^^^^^^^^
HumanEval_55.py:16: in fib
    return fib(n - 1) + fib(n - 2)
           ^^^^^^^^^^
HumanEval_55.py:16: in fib
    return fib(n - 1) + fib(n - 2)
           ^^^^^^^^^^
HumanEval_55.py:16: in fib
    return fib(n - 1) + fib(n - 2)
           ^^^^^^^^^^
HumanEval_55.py:16: in fib
    return fib(n - 1) + fib(n - 2)
           ^^^^^^^^^^
HumanEval_55.py:16: in fib
    return fib(n - 1) + fib(n - 2)
           ^^^^^^^^^^
HumanEval_55.py:16: in fib
    return fib(n - 1) + fib(n - 2)
           ^^^^^^^^^^
HumanEval_55.py:16: in fib
    return fib(n - 1) + fib(n - 2)
           ^^^^^^^^^^
HumanEval_55.py:16: in fib
    return fib(n - 1) + fib(n - 2)
           ^^^^^^^^^^
HumanEval_55.py:16: in fib
    return fib(n - 1) + fib(n - 2)
           ^^^^^^^^^^
HumanEval_55.py:16: in fib
    return fib(n - 1) + fib(n - 2)
           ^^^^^^^^^^
HumanEval_55.py:16: in fib
    return fib(n - 1) + fib(n - 2)
           ^^^^^^^^^^
HumanEval_55.py:16: in fib
    return fib(n - 1) + fib(n - 2)
           ^^^^^^^^^^
HumanEval_55.py:16: in fib
    return fib(n - 1) + fib(n - 2)
           ^^^^^^^^^^
HumanEval_55.py:16: in fib
    return fib(n - 1) + fib(n - 2)
           ^^^^^^^^^^
HumanEval_55.py:16: in fib
    return fib(n - 1) + fib(n - 2)
           ^^^^^^^^^^
HumanEval_55.py:16: in fib
    return fib(n - 1) + fib(n - 2)
           ^^^^^^^^^^
HumanEval_55.py:16: in fib
    return fib(n - 1) + fib(n - 2)
           ^^^^^^^^^^
HumanEval_55.py:16: in fib
    return fib(n - 1) + fib(n - 2)
           ^^^^^^^^^^
HumanEval_55.py:16: in fib
    return fib(n - 1) + fib(n - 2)
           ^^^^^^^^^^
HumanEval_55.py:16: in fib
    return fib(n - 1) + fib(n - 2)
           ^^^^^^^^^^
HumanEval_55.py:16: in fib
    return fib(n - 1) + fib(n - 2)
           ^^^^^^^^^^
HumanEval_55.py:16: in fib
    return fib(n - 1) + fib(n - 2)
           ^^^^^^^^^^
HumanEval_55.py:16: in fib
    return fib(n - 1) + fib(n - 2)
           ^^^^^^^^^^
HumanEval_55.py:16: in fib
    return fib(n - 1) + fib(n - 2)
           ^^^^^^^^^^
HumanEval_55.py:16: in fib
    return fib(n - 1) + fib(n - 2)
           ^^^^^^^^^^
HumanEval_55.py:16: in fib
    return fib(n - 1) + fib(n - 2)
           ^^^^^^^^^^
HumanEval_55.py:16: in fib
    return fib(n - 1) + fib(n - 2)
           ^^^^^^^^^^
HumanEval_55.py:16: in fib
    return fib(n - 1) + fib(n - 2)
           ^^^^^^^^^^
HumanEval_55.py:16: in fib
    return fib(n - 1) + fib(n - 2)
           ^^^^^^^^^^
HumanEval_55.py:16: in fib
    return fib(n - 1) + fib(n - 2)
           ^^^^^^^^^^
HumanEval_55.py:16: in fib
    return fib(n - 1) + fib(n - 2)
           ^^^^^^^^^^
HumanEval_55.py:16: in fib
    return fib(n - 1) + fib(n - 2)
           ^^^^^^^^^^
HumanEval_55.py:16: in fib
    return fib(n - 1) + fib(n - 2)
           ^^^^^^^^^^
HumanEval_55.py:16: in fib
    return fib(n - 1) + fib(n - 2)
           ^^^^^^^^^^
HumanEval_55.py:16: in fib
    return fib(n - 1) + fib(n - 2)
           ^^^^^^^^^^
HumanEval_55.py:16: in fib
    return fib(n - 1) + fib(n - 2)
           ^^^^^^^^^^
HumanEval_55.py:16: in fib
    return fib(n - 1) + fib(n - 2)
           ^^^^^^^^^^
HumanEval_55.py:16: in fib
    return fib(n - 1) + fib(n - 2)
           ^^^^^^^^^^
HumanEval_55.py:16: in fib
    return fib(n - 1) + fib(n - 2)
           ^^^^^^^^^^
HumanEval_55.py:16: in fib
    return fib(n - 1) + fib(n - 2)
           ^^^^^^^^^^
HumanEval_55.py:16: in fib
    return fib(n - 1) + fib(n - 2)
           ^^^^^^^^^^
HumanEval_55.py:16: in fib
    return fib(n - 1) + fib(n - 2)
           ^^^^^^^^^^
HumanEval_55.py:16: in fib
    return fib(n - 1) + fib(n - 2)
           ^^^^^^^^^^
HumanEval_55.py:16: in fib
    return fib(n - 1) + fib(n - 2)
           ^^^^^^^^^^
HumanEval_55.py:16: in fib
    return fib(n - 1) + fib(n - 2)
           ^^^^^^^^^^
HumanEval_55.py:16: in fib
    return fib(n - 1) + fib(n - 2)
           ^^^^^^^^^^
HumanEval_55.py:16: in fib
    return fib(n - 1) + fib(n - 2)
           ^^^^^^^^^^
HumanEval_55.py:16: in fib
    return fib(n - 1) + fib(n - 2)
           ^^^^^^^^^^
HumanEval_55.py:16: in fib
    return fib(n - 1) + fib(n - 2)
           ^^^^^^^^^^
HumanEval_55.py:16: in fib
    return fib(n - 1) + fib(n - 2)
           ^^^^^^^^^^
HumanEval_55.py:16: in fib
    return fib(n - 1) + fib(n - 2)
           ^^^^^^^^^^
HumanEval_55.py:16: in fib
    return fib(n - 1) + fib(n - 2)
           ^^^^^^^^^^
HumanEval_55.py:16: in fib
    return fib(n - 1) + fib(n - 2)
           ^^^^^^^^^^
HumanEval_55.py:16: in fib
    return fib(n - 1) + fib(n - 2)
           ^^^^^^^^^^
HumanEval_55.py:16: in fib
    return fib(n - 1) + fib(n - 2)
           ^^^^^^^^^^
HumanEval_55.py:16: in fib
    return fib(n - 1) + fib(n - 2)
           ^^^^^^^^^^
HumanEval_55.py:16: in fib
    return fib(n - 1) + fib(n - 2)
           ^^^^^^^^^^
HumanEval_55.py:16: in fib
    return fib(n - 1) + fib(n - 2)
           ^^^^^^^^^^
HumanEval_55.py:16: in fib
    return fib(n - 1) + fib(n - 2)
           ^^^^^^^^^^
HumanEval_55.py:16: in fib
    return fib(n - 1) + fib(n - 2)
           ^^^^^^^^^^
HumanEval_55.py:16: in fib
    return fib(n - 1) + fib(n - 2)
           ^^^^^^^^^^
HumanEval_55.py:16: in fib
    return fib(n - 1) + fib(n - 2)
           ^^^^^^^^^^
HumanEval_55.py:16: in fib
    return fib(n - 1) + fib(n - 2)
           ^^^^^^^^^^
HumanEval_55.py:16: in fib
    return fib(n - 1) + fib(n - 2)
           ^^^^^^^^^^
HumanEval_55.py:16: in fib
    return fib(n - 1) + fib(n - 2)
           ^^^^^^^^^^
HumanEval_55.py:16: in fib
    return fib(n - 1) + fib(n - 2)
           ^^^^^^^^^^
HumanEval_55.py:16: in fib
    return fib(n - 1) + fib(n - 2)
           ^^^^^^^^^^
HumanEval_55.py:16: in fib
    return fib(n - 1) + fib(n - 2)
           ^^^^^^^^^^
HumanEval_55.py:16: in fib
    return fib(n - 1) + fib(n - 2)
           ^^^^^^^^^^
HumanEval_55.py:16: in fib
    return fib(n - 1) + fib(n - 2)
           ^^^^^^^^^^
HumanEval_55.py:16: in fib
    return fib(n - 1) + fib(n - 2)
           ^^^^^^^^^^
HumanEval_55.py:3: in fib
    def fib(n: int):
E   RecursionError: maximum recursion depth exceeded
____________________________ test_fib_negative_two _____________________________
HumanEval_55_test.py:21: in test_fib_negative_two
    assert fib(-2) == 0
           ^^^^^^^
HumanEval_55.py:16: in fib
    return fib(n - 1) + fib(n - 2)
           ^^^^^^^^^^
HumanEval_55.py:16: in fib
    return fib(n - 1) + fib(n - 2)
           ^^^^^^^^^^
HumanEval_55.py:16: in fib
    return fib(n - 1) + fib(n - 2)
           ^^^^^^^^^^
HumanEval_55.py:16: in fib
    return fib(n - 1) + fib(n - 2)
           ^^^^^^^^^^
HumanEval_55.py:16: in fib
    return fib(n - 1) + fib(n - 2)
           ^^^^^^^^^^
HumanEval_55.py:16: in fib
    return fib(n - 1) + fib(n - 2)
           ^^^^^^^^^^
HumanEval_55.py:16: in fib
    return fib(n - 1) + fib(n - 2)
           ^^^^^^^^^^
HumanEval_55.py:16: in fib
    return fib(n - 1) + fib(n - 2)
           ^^^^^^^^^^
HumanEval_55.py:16: in fib
    return fib(n - 1) + fib(n - 2)
           ^^^^^^^^^^
HumanEval_55.py:16: in fib
    return fib(n - 1) + fib(n - 2)
           ^^^^^^^^^^
HumanEval_55.py:16: in fib
    return fib(n - 1) + fib(n - 2)
           ^^^^^^^^^^
HumanEval_55.py:16: in fib
    return fib(n - 1) + fib(n - 2)
           ^^^^^^^^^^
HumanEval_55.py:16: in fib
    return fib(n - 1) + fib(n - 2)
           ^^^^^^^^^^
HumanEval_55.py:16: in fib
    return fib(n - 1) + fib(n - 2)
           ^^^^^^^^^^
HumanEval_55.py:16: in fib
    return fib(n - 1) + fib(n - 2)
           ^^^^^^^^^^
HumanEval_55.py:16: in fib
    return fib(n - 1) + fib(n - 2)
           ^^^^^^^^^^
HumanEval_55.py:16: in fib
    return fib(n - 1) + fib(n - 2)
           ^^^^^^^^^^
HumanEval_55.py:16: in fib
    return fib(n - 1) + fib(n - 2)
           ^^^^^^^^^^
HumanEval_55.py:16: in fib
    return fib(n - 1) + fib(n - 2)
           ^^^^^^^^^^
HumanEval_55.py:16: in fib
    return fib(n - 1) + fib(n - 2)
           ^^^^^^^^^^
HumanEval_55.py:16: in fib
    return fib(n - 1) + fib(n - 2)
           ^^^^^^^^^^
HumanEval_55.py:16: in fib
    return fib(n - 1) + fib(n - 2)
           ^^^^^^^^^^
HumanEval_55.py:16: in fib
    return fib(n - 1) + fib(n - 2)
           ^^^^^^^^^^
HumanEval_55.py:16: in fib
    return fib(n - 1) + fib(n - 2)
           ^^^^^^^^^^
HumanEval_55.py:16: in fib
    return fib(n - 1) + fib(n - 2)
           ^^^^^^^^^^
HumanEval_55.py:16: in fib
    return fib(n - 1) + fib(n - 2)
           ^^^^^^^^^^
HumanEval_55.py:16: in fib
    return fib(n - 1) + fib(n - 2)
           ^^^^^^^^^^
HumanEval_55.py:16: in fib
    return fib(n - 1) + fib(n - 2)
           ^^^^^^^^^^
HumanEval_55.py:16: in fib
    return fib(n - 1) + fib(n - 2)
           ^^^^^^^^^^
HumanEval_55.py:16: in fib
    return fib(n - 1) + fib(n - 2)
           ^^^^^^^^^^
HumanEval_55.py:16: in fib
    return fib(n - 1) + fib(n - 2)
           ^^^^^^^^^^
HumanEval_55.py:16: in fib
    return fib(n - 1) + fib(n - 2)
           ^^^^^^^^^^
HumanEval_55.py:16: in fib
    return fib(n - 1) + fib(n - 2)
           ^^^^^^^^^^
HumanEval_55.py:16: in fib
    return fib(n - 1) + fib(n - 2)
           ^^^^^^^^^^
HumanEval_55.py:16: in fib
    return fib(n - 1) + fib(n - 2)
           ^^^^^^^^^^
HumanEval_55.py:16: in fib
    return fib(n - 1) + fib(n - 2)
           ^^^^^^^^^^
HumanEval_55.py:16: in fib
    return fib(n - 1) + fib(n - 2)
           ^^^^^^^^^^
HumanEval_55.py:16: in fib
    return fib(n - 1) + fib(n - 2)
           ^^^^^^^^^^
HumanEval_55.py:16: in fib
    return fib(n - 1) + fib(n - 2)
           ^^^^^^^^^^
HumanEval_55.py:16: in fib
    return fib(n - 1) + fib(n - 2)
           ^^^^^^^^^^
HumanEval_55.py:16: in fib
    return fib(n - 1) + fib(n - 2)
           ^^^^^^^^^^
HumanEval_55.py:16: in fib
    return fib(n - 1) + fib(n - 2)
           ^^^^^^^^^^
HumanEval_55.py:16: in fib
    return fib(n - 1) + fib(n - 2)
           ^^^^^^^^^^
HumanEval_55.py:16: in fib
    return fib(n - 1) + fib(n - 2)
           ^^^^^^^^^^
HumanEval_55.py:16: in fib
    return fib(n - 1) + fib(n - 2)
           ^^^^^^^^^^
HumanEval_55.py:16: in fib
    return fib(n - 1) + fib(n - 2)
           ^^^^^^^^^^
HumanEval_55.py:16: in fib
    return fib(n - 1) + fib(n - 2)
           ^^^^^^^^^^
HumanEval_55.py:16: in fib
    return fib(n - 1) + fib(n - 2)
           ^^^^^^^^^^
HumanEval_55.py:16: in fib
    return fib(n - 1) + fib(n - 2)
           ^^^^^^^^^^
HumanEval_55.py:16: in fib
    return fib(n - 1) + fib(n - 2)
           ^^^^^^^^^^
HumanEval_55.py:16: in fib
    return fib(n - 1) + fib(n - 2)
           ^^^^^^^^^^
HumanEval_55.py:16: in fib
    return fib(n - 1) + fib(n - 2)
           ^^^^^^^^^^
HumanEval_55.py:16: in fib
    return fib(n - 1) + fib(n - 2)
           ^^^^^^^^^^
HumanEval_55.py:16: in fib
    return fib(n - 1) + fib(n - 2)
           ^^^^^^^^^^
HumanEval_55.py:16: in fib
    return fib(n - 1) + fib(n - 2)
           ^^^^^^^^^^
HumanEval_55.py:16: in fib
    return fib(n - 1) + fib(n - 2)
           ^^^^^^^^^^
HumanEval_55.py:16: in fib
    return fib(n - 1) + fib(n - 2)
           ^^^^^^^^^^
HumanEval_55.py:16: in fib
    return fib(n - 1) + fib(n - 2)
           ^^^^^^^^^^
HumanEval_55.py:16: in fib
    return fib(n - 1) + fib(n - 2)
           ^^^^^^^^^^
HumanEval_55.py:16: in fib
    return fib(n - 1) + fib(n - 2)
           ^^^^^^^^^^
HumanEval_55.py:16: in fib
    return fib(n - 1) + fib(n - 2)
           ^^^^^^^^^^
HumanEval_55.py:16: in fib
    return fib(n - 1) + fib(n - 2)
           ^^^^^^^^^^
HumanEval_55.py:16: in fib
    return fib(n - 1) + fib(n - 2)
           ^^^^^^^^^^
HumanEval_55.py:16: in fib
    return fib(n - 1) + fib(n - 2)
           ^^^^^^^^^^
HumanEval_55.py:16: in fib
    return fib(n - 1) + fib(n - 2)
           ^^^^^^^^^^
HumanEval_55.py:16: in fib
    return fib(n - 1) + fib(n - 2)
           ^^^^^^^^^^
HumanEval_55.py:16: in fib
    return fib(n - 1) + fib(n - 2)
           ^^^^^^^^^^
HumanEval_55.py:16: in fib
    return fib(n - 1) + fib(n - 2)
           ^^^^^^^^^^
HumanEval_55.py:16: in fib
    return fib(n - 1) + fib(n - 2)
           ^^^^^^^^^^
HumanEval_55.py:16: in fib
    return fib(n - 1) + fib(n - 2)
           ^^^^^^^^^^
HumanEval_55.py:16: in fib
    return fib(n - 1) + fib(n - 2)
           ^^^^^^^^^^
HumanEval_55.py:16: in fib
    return fib(n - 1) + fib(n - 2)
           ^^^^^^^^^^
HumanEval_55.py:16: in fib
    return fib(n - 1) + fib(n - 2)
           ^^^^^^^^^^
HumanEval_55.py:16: in fib
    return fib(n - 1) + fib(n - 2)
           ^^^^^^^^^^
HumanEval_55.py:16: in fib
    return fib(n - 1) + fib(n - 2)
           ^^^^^^^^^^
HumanEval_55.py:16: in fib
    return fib(n - 1) + fib(n - 2)
           ^^^^^^^^^^
HumanEval_55.py:16: in fib
    return fib(n - 1) + fib(n - 2)
           ^^^^^^^^^^
HumanEval_55.py:16: in fib
    return fib(n - 1) + fib(n - 2)
           ^^^^^^^^^^
HumanEval_55.py:16: in fib
    return fib(n - 1) + fib(n - 2)
           ^^^^^^^^^^
HumanEval_55.py:16: in fib
    return fib(n - 1) + fib(n - 2)
           ^^^^^^^^^^
HumanEval_55.py:16: in fib
    return fib(n - 1) + fib(n - 2)
           ^^^^^^^^^^
HumanEval_55.py:16: in fib
    return fib(n - 1) + fib(n - 2)
           ^^^^^^^^^^
HumanEval_55.py:16: in fib
    return fib(n - 1) + fib(n - 2)
           ^^^^^^^^^^
HumanEval_55.py:16: in fib
    return fib(n - 1) + fib(n - 2)
           ^^^^^^^^^^
HumanEval_55.py:16: in fib
    return fib(n - 1) + fib(n - 2)
           ^^^^^^^^^^
HumanEval_55.py:16: in fib
    return fib(n - 1) + fib(n - 2)
           ^^^^^^^^^^
HumanEval_55.py:16: in fib
    return fib(n - 1) + fib(n - 2)
           ^^^^^^^^^^
HumanEval_55.py:16: in fib
    return fib(n - 1) + fib(n - 2)
           ^^^^^^^^^^
HumanEval_55.py:16: in fib
    return fib(n - 1) + fib(n - 2)
           ^^^^^^^^^^
HumanEval_55.py:16: in fib
    return fib(n - 1) + fib(n - 2)
           ^^^^^^^^^^
HumanEval_55.py:16: in fib
    return fib(n - 1) + fib(n - 2)
           ^^^^^^^^^^
HumanEval_55.py:16: in fib
    return fib(n - 1) + fib(n - 2)
           ^^^^^^^^^^
HumanEval_55.py:16: in fib
    return fib(n - 1) + fib(n - 2)
           ^^^^^^^^^^
HumanEval_55.py:16: in fib
    return fib(n - 1) + fib(n - 2)
           ^^^^^^^^^^
HumanEval_55.py:16: in fib
    return fib(n - 1) + fib(n - 2)
           ^^^^^^^^^^
HumanEval_55.py:16: in fib
    return fib(n - 1) + fib(n - 2)
           ^^^^^^^^^^
HumanEval_55.py:16: in fib
    return fib(n - 1) + fib(n - 2)
           ^^^^^^^^^^
HumanEval_55.py:16: in fib
    return fib(n - 1) + fib(n - 2)
           ^^^^^^^^^^
HumanEval_55.py:16: in fib
    return fib(n - 1) + fib(n - 2)
           ^^^^^^^^^^
HumanEval_55.py:16: in fib
    return fib(n - 1) + fib(n - 2)
           ^^^^^^^^^^
HumanEval_55.py:16: in fib
    return fib(n - 1) + fib(n - 2)
           ^^^^^^^^^^
HumanEval_55.py:16: in fib
    return fib(n - 1) + fib(n - 2)
           ^^^^^^^^^^
HumanEval_55.py:16: in fib
    return fib(n - 1) + fib(n - 2)
           ^^^^^^^^^^
HumanEval_55.py:16: in fib
    return fib(n - 1) + fib(n - 2)
           ^^^^^^^^^^
HumanEval_55.py:16: in fib
    return fib(n - 1) + fib(n - 2)
           ^^^^^^^^^^
HumanEval_55.py:16: in fib
    return fib(n - 1) + fib(n - 2)
           ^^^^^^^^^^
HumanEval_55.py:16: in fib
    return fib(n - 1) + fib(n - 2)
           ^^^^^^^^^^
HumanEval_55.py:16: in fib
    return fib(n - 1) + fib(n - 2)
           ^^^^^^^^^^
HumanEval_55.py:16: in fib
    return fib(n - 1) + fib(n - 2)
           ^^^^^^^^^^
HumanEval_55.py:16: in fib
    return fib(n - 1) + fib(n - 2)
           ^^^^^^^^^^
HumanEval_55.py:16: in fib
    return fib(n - 1) + fib(n - 2)
           ^^^^^^^^^^
HumanEval_55.py:16: in fib
    return fib(n - 1) + fib(n - 2)
           ^^^^^^^^^^
HumanEval_55.py:16: in fib
    return fib(n - 1) + fib(n - 2)
           ^^^^^^^^^^
HumanEval_55.py:16: in fib
    return fib(n - 1) + fib(n - 2)
           ^^^^^^^^^^
HumanEval_55.py:16: in fib
    return fib(n - 1) + fib(n - 2)
           ^^^^^^^^^^
HumanEval_55.py:16: in fib
    return fib(n - 1) + fib(n - 2)
           ^^^^^^^^^^
HumanEval_55.py:16: in fib
    return fib(n - 1) + fib(n - 2)
           ^^^^^^^^^^
HumanEval_55.py:16: in fib
    return fib(n - 1) + fib(n - 2)
           ^^^^^^^^^^
HumanEval_55.py:16: in fib
    return fib(n - 1) + fib(n - 2)
           ^^^^^^^^^^
HumanEval_55.py:16: in fib
    return fib(n - 1) + fib(n - 2)
           ^^^^^^^^^^
HumanEval_55.py:16: in fib
    return fib(n - 1) + fib(n - 2)
           ^^^^^^^^^^
HumanEval_55.py:16: in fib
    return fib(n - 1) + fib(n - 2)
           ^^^^^^^^^^
HumanEval_55.py:16: in fib
    return fib(n - 1) + fib(n - 2)
           ^^^^^^^^^^
HumanEval_55.py:16: in fib
    return fib(n - 1) + fib(n - 2)
           ^^^^^^^^^^
HumanEval_55.py:16: in fib
    return fib(n - 1) + fib(n - 2)
           ^^^^^^^^^^
HumanEval_55.py:16: in fib
    return fib(n - 1) + fib(n - 2)
           ^^^^^^^^^^
HumanEval_55.py:16: in fib
    return fib(n - 1) + fib(n - 2)
           ^^^^^^^^^^
HumanEval_55.py:16: in fib
    return fib(n - 1) + fib(n - 2)
           ^^^^^^^^^^
HumanEval_55.py:16: in fib
    return fib(n - 1) + fib(n - 2)
           ^^^^^^^^^^
HumanEval_55.py:16: in fib
    return fib(n - 1) + fib(n - 2)
           ^^^^^^^^^^
HumanEval_55.py:16: in fib
    return fib(n - 1) + fib(n - 2)
           ^^^^^^^^^^
HumanEval_55.py:16: in fib
    return fib(n - 1) + fib(n - 2)
           ^^^^^^^^^^
HumanEval_55.py:16: in fib
    return fib(n - 1) + fib(n - 2)
           ^^^^^^^^^^
HumanEval_55.py:16: in fib
    return fib(n - 1) + fib(n - 2)
           ^^^^^^^^^^
HumanEval_55.py:16: in fib
    return fib(n - 1) + fib(n - 2)
           ^^^^^^^^^^
HumanEval_55.py:16: in fib
    return fib(n - 1) + fib(n - 2)
           ^^^^^^^^^^
HumanEval_55.py:16: in fib
    return fib(n - 1) + fib(n - 2)
           ^^^^^^^^^^
HumanEval_55.py:16: in fib
    return fib(n - 1) + fib(n - 2)
           ^^^^^^^^^^
HumanEval_55.py:16: in fib
    return fib(n - 1) + fib(n - 2)
           ^^^^^^^^^^
HumanEval_55.py:16: in fib
    return fib(n - 1) + fib(n - 2)
           ^^^^^^^^^^
HumanEval_55.py:16: in fib
    return fib(n - 1) + fib(n - 2)
           ^^^^^^^^^^
HumanEval_55.py:16: in fib
    return fib(n - 1) + fib(n - 2)
           ^^^^^^^^^^
HumanEval_55.py:16: in fib
    return fib(n - 1) + fib(n - 2)
           ^^^^^^^^^^
HumanEval_55.py:16: in fib
    return fib(n - 1) + fib(n - 2)
           ^^^^^^^^^^
HumanEval_55.py:16: in fib
    return fib(n - 1) + fib(n - 2)
           ^^^^^^^^^^
HumanEval_55.py:16: in fib
    return fib(n - 1) + fib(n - 2)
           ^^^^^^^^^^
HumanEval_55.py:16: in fib
    return fib(n - 1) + fib(n - 2)
           ^^^^^^^^^^
HumanEval_55.py:16: in fib
    return fib(n - 1) + fib(n - 2)
           ^^^^^^^^^^
HumanEval_55.py:16: in fib
    return fib(n - 1) + fib(n - 2)
           ^^^^^^^^^^
HumanEval_55.py:16: in fib
    return fib(n - 1) + fib(n - 2)
           ^^^^^^^^^^
HumanEval_55.py:16: in fib
    return fib(n - 1) + fib(n - 2)
           ^^^^^^^^^^
HumanEval_55.py:16: in fib
    return fib(n - 1) + fib(n - 2)
           ^^^^^^^^^^
HumanEval_55.py:16: in fib
    return fib(n - 1) + fib(n - 2)
           ^^^^^^^^^^
HumanEval_55.py:16: in fib
    return fib(n - 1) + fib(n - 2)
           ^^^^^^^^^^
HumanEval_55.py:16: in fib
    return fib(n - 1) + fib(n - 2)
           ^^^^^^^^^^
HumanEval_55.py:16: in fib
    return fib(n - 1) + fib(n - 2)
           ^^^^^^^^^^
HumanEval_55.py:16: in fib
    return fib(n - 1) + fib(n - 2)
           ^^^^^^^^^^
HumanEval_55.py:16: in fib
    return fib(n - 1) + fib(n - 2)
           ^^^^^^^^^^
HumanEval_55.py:16: in fib
    return fib(n - 1) + fib(n - 2)
           ^^^^^^^^^^
HumanEval_55.py:16: in fib
    return fib(n - 1) + fib(n - 2)
           ^^^^^^^^^^
HumanEval_55.py:16: in fib
    return fib(n - 1) + fib(n - 2)
           ^^^^^^^^^^
HumanEval_55.py:16: in fib
    return fib(n - 1) + fib(n - 2)
           ^^^^^^^^^^
HumanEval_55.py:16: in fib
    return fib(n - 1) + fib(n - 2)
           ^^^^^^^^^^
HumanEval_55.py:16: in fib
    return fib(n - 1) + fib(n - 2)
           ^^^^^^^^^^
HumanEval_55.py:16: in fib
    return fib(n - 1) + fib(n - 2)
           ^^^^^^^^^^
HumanEval_55.py:16: in fib
    return fib(n - 1) + fib(n - 2)
           ^^^^^^^^^^
HumanEval_55.py:16: in fib
    return fib(n - 1) + fib(n - 2)
           ^^^^^^^^^^
HumanEval_55.py:16: in fib
    return fib(n - 1) + fib(n - 2)
           ^^^^^^^^^^
HumanEval_55.py:16: in fib
    return fib(n - 1) + fib(n - 2)
           ^^^^^^^^^^
HumanEval_55.py:16: in fib
    return fib(n - 1) + fib(n - 2)
           ^^^^^^^^^^
HumanEval_55.py:16: in fib
    return fib(n - 1) + fib(n - 2)
           ^^^^^^^^^^
HumanEval_55.py:16: in fib
    return fib(n - 1) + fib(n - 2)
           ^^^^^^^^^^
HumanEval_55.py:16: in fib
    return fib(n - 1) + fib(n - 2)
           ^^^^^^^^^^
HumanEval_55.py:16: in fib
    return fib(n - 1) + fib(n - 2)
           ^^^^^^^^^^
HumanEval_55.py:16: in fib
    return fib(n - 1) + fib(n - 2)
           ^^^^^^^^^^
HumanEval_55.py:16: in fib
    return fib(n - 1) + fib(n - 2)
           ^^^^^^^^^^
HumanEval_55.py:16: in fib
    return fib(n - 1) + fib(n - 2)
           ^^^^^^^^^^
HumanEval_55.py:16: in fib
    return fib(n - 1) + fib(n - 2)
           ^^^^^^^^^^
HumanEval_55.py:16: in fib
    return fib(n - 1) + fib(n - 2)
           ^^^^^^^^^^
HumanEval_55.py:16: in fib
    return fib(n - 1) + fib(n - 2)
           ^^^^^^^^^^
HumanEval_55.py:16: in fib
    return fib(n - 1) + fib(n - 2)
           ^^^^^^^^^^
HumanEval_55.py:16: in fib
    return fib(n - 1) + fib(n - 2)
           ^^^^^^^^^^
HumanEval_55.py:16: in fib
    return fib(n - 1) + fib(n - 2)
           ^^^^^^^^^^
HumanEval_55.py:16: in fib
    return fib(n - 1) + fib(n - 2)
           ^^^^^^^^^^
HumanEval_55.py:16: in fib
    return fib(n - 1) + fib(n - 2)
           ^^^^^^^^^^
HumanEval_55.py:16: in fib
    return fib(n - 1) + fib(n - 2)
           ^^^^^^^^^^
HumanEval_55.py:16: in fib
    return fib(n - 1) + fib(n - 2)
           ^^^^^^^^^^
HumanEval_55.py:16: in fib
    return fib(n - 1) + fib(n - 2)
           ^^^^^^^^^^
HumanEval_55.py:16: in fib
    return fib(n - 1) + fib(n - 2)
           ^^^^^^^^^^
HumanEval_55.py:16: in fib
    return fib(n - 1) + fib(n - 2)
           ^^^^^^^^^^
HumanEval_55.py:16: in fib
    return fib(n - 1) + fib(n - 2)
           ^^^^^^^^^^
HumanEval_55.py:16: in fib
    return fib(n - 1) + fib(n - 2)
           ^^^^^^^^^^
HumanEval_55.py:16: in fib
    return fib(n - 1) + fib(n - 2)
           ^^^^^^^^^^
HumanEval_55.py:16: in fib
    return fib(n - 1) + fib(n - 2)
           ^^^^^^^^^^
HumanEval_55.py:16: in fib
    return fib(n - 1) + fib(n - 2)
           ^^^^^^^^^^
HumanEval_55.py:16: in fib
    return fib(n - 1) + fib(n - 2)
           ^^^^^^^^^^
HumanEval_55.py:16: in fib
    return fib(n - 1) + fib(n - 2)
           ^^^^^^^^^^
HumanEval_55.py:16: in fib
    return fib(n - 1) + fib(n - 2)
           ^^^^^^^^^^
HumanEval_55.py:16: in fib
    return fib(n - 1) + fib(n - 2)
           ^^^^^^^^^^
HumanEval_55.py:16: in fib
    return fib(n - 1) + fib(n - 2)
           ^^^^^^^^^^
HumanEval_55.py:16: in fib
    return fib(n - 1) + fib(n - 2)
           ^^^^^^^^^^
HumanEval_55.py:16: in fib
    return fib(n - 1) + fib(n - 2)
           ^^^^^^^^^^
HumanEval_55.py:16: in fib
    return fib(n - 1) + fib(n - 2)
           ^^^^^^^^^^
HumanEval_55.py:16: in fib
    return fib(n - 1) + fib(n - 2)
           ^^^^^^^^^^
HumanEval_55.py:16: in fib
    return fib(n - 1) + fib(n - 2)
           ^^^^^^^^^^
HumanEval_55.py:16: in fib
    return fib(n - 1) + fib(n - 2)
           ^^^^^^^^^^
HumanEval_55.py:16: in fib
    return fib(n - 1) + fib(n - 2)
           ^^^^^^^^^^
HumanEval_55.py:16: in fib
    return fib(n - 1) + fib(n - 2)
           ^^^^^^^^^^
HumanEval_55.py:16: in fib
    return fib(n - 1) + fib(n - 2)
           ^^^^^^^^^^
HumanEval_55.py:16: in fib
    return fib(n - 1) + fib(n - 2)
           ^^^^^^^^^^
HumanEval_55.py:16: in fib
    return fib(n - 1) + fib(n - 2)
           ^^^^^^^^^^
HumanEval_55.py:16: in fib
    return fib(n - 1) + fib(n - 2)
           ^^^^^^^^^^
HumanEval_55.py:16: in fib
    return fib(n - 1) + fib(n - 2)
           ^^^^^^^^^^
HumanEval_55.py:16: in fib
    return fib(n - 1) + fib(n - 2)
           ^^^^^^^^^^
HumanEval_55.py:16: in fib
    return fib(n - 1) + fib(n - 2)
           ^^^^^^^^^^
HumanEval_55.py:16: in fib
    return fib(n - 1) + fib(n - 2)
           ^^^^^^^^^^
HumanEval_55.py:16: in fib
    return fib(n - 1) + fib(n - 2)
           ^^^^^^^^^^
HumanEval_55.py:16: in fib
    return fib(n - 1) + fib(n - 2)
           ^^^^^^^^^^
HumanEval_55.py:16: in fib
    return fib(n - 1) + fib(n - 2)
           ^^^^^^^^^^
HumanEval_55.py:16: in fib
    return fib(n - 1) + fib(n - 2)
           ^^^^^^^^^^
HumanEval_55.py:16: in fib
    return fib(n - 1) + fib(n - 2)
           ^^^^^^^^^^
HumanEval_55.py:16: in fib
    return fib(n - 1) + fib(n - 2)
           ^^^^^^^^^^
HumanEval_55.py:16: in fib
    return fib(n - 1) + fib(n - 2)
           ^^^^^^^^^^
HumanEval_55.py:16: in fib
    return fib(n - 1) + fib(n - 2)
           ^^^^^^^^^^
HumanEval_55.py:16: in fib
    return fib(n - 1) + fib(n - 2)
           ^^^^^^^^^^
HumanEval_55.py:16: in fib
    return fib(n - 1) + fib(n - 2)
           ^^^^^^^^^^
HumanEval_55.py:16: in fib
    return fib(n - 1) + fib(n - 2)
           ^^^^^^^^^^
HumanEval_55.py:16: in fib
    return fib(n - 1) + fib(n - 2)
           ^^^^^^^^^^
HumanEval_55.py:16: in fib
    return fib(n - 1) + fib(n - 2)
           ^^^^^^^^^^
HumanEval_55.py:16: in fib
    return fib(n - 1) + fib(n - 2)
           ^^^^^^^^^^
HumanEval_55.py:16: in fib
    return fib(n - 1) + fib(n - 2)
           ^^^^^^^^^^
HumanEval_55.py:16: in fib
    return fib(n - 1) + fib(n - 2)
           ^^^^^^^^^^
HumanEval_55.py:16: in fib
    return fib(n - 1) + fib(n - 2)
           ^^^^^^^^^^
HumanEval_55.py:16: in fib
    return fib(n - 1) + fib(n - 2)
           ^^^^^^^^^^
HumanEval_55.py:16: in fib
    return fib(n - 1) + fib(n - 2)
           ^^^^^^^^^^
HumanEval_55.py:16: in fib
    return fib(n - 1) + fib(n - 2)
           ^^^^^^^^^^
HumanEval_55.py:16: in fib
    return fib(n - 1) + fib(n - 2)
           ^^^^^^^^^^
HumanEval_55.py:16: in fib
    return fib(n - 1) + fib(n - 2)
           ^^^^^^^^^^
HumanEval_55.py:16: in fib
    return fib(n - 1) + fib(n - 2)
           ^^^^^^^^^^
HumanEval_55.py:16: in fib
    return fib(n - 1) + fib(n - 2)
           ^^^^^^^^^^
HumanEval_55.py:16: in fib
    return fib(n - 1) + fib(n - 2)
           ^^^^^^^^^^
HumanEval_55.py:16: in fib
    return fib(n - 1) + fib(n - 2)
           ^^^^^^^^^^
HumanEval_55.py:16: in fib
    return fib(n - 1) + fib(n - 2)
           ^^^^^^^^^^
HumanEval_55.py:16: in fib
    return fib(n - 1) + fib(n - 2)
           ^^^^^^^^^^
HumanEval_55.py:16: in fib
    return fib(n - 1) + fib(n - 2)
           ^^^^^^^^^^
HumanEval_55.py:16: in fib
    return fib(n - 1) + fib(n - 2)
           ^^^^^^^^^^
HumanEval_55.py:16: in fib
    return fib(n - 1) + fib(n - 2)
           ^^^^^^^^^^
HumanEval_55.py:16: in fib
    return fib(n - 1) + fib(n - 2)
           ^^^^^^^^^^
HumanEval_55.py:16: in fib
    return fib(n - 1) + fib(n - 2)
           ^^^^^^^^^^
HumanEval_55.py:16: in fib
    return fib(n - 1) + fib(n - 2)
           ^^^^^^^^^^
HumanEval_55.py:16: in fib
    return fib(n - 1) + fib(n - 2)
           ^^^^^^^^^^
HumanEval_55.py:16: in fib
    return fib(n - 1) + fib(n - 2)
           ^^^^^^^^^^
HumanEval_55.py:16: in fib
    return fib(n - 1) + fib(n - 2)
           ^^^^^^^^^^
HumanEval_55.py:16: in fib
    return fib(n - 1) + fib(n - 2)
           ^^^^^^^^^^
HumanEval_55.py:16: in fib
    return fib(n - 1) + fib(n - 2)
           ^^^^^^^^^^
HumanEval_55.py:16: in fib
    return fib(n - 1) + fib(n - 2)
           ^^^^^^^^^^
HumanEval_55.py:16: in fib
    return fib(n - 1) + fib(n - 2)
           ^^^^^^^^^^
HumanEval_55.py:16: in fib
    return fib(n - 1) + fib(n - 2)
           ^^^^^^^^^^
HumanEval_55.py:16: in fib
    return fib(n - 1) + fib(n - 2)
           ^^^^^^^^^^
HumanEval_55.py:16: in fib
    return fib(n - 1) + fib(n - 2)
           ^^^^^^^^^^
HumanEval_55.py:16: in fib
    return fib(n - 1) + fib(n - 2)
           ^^^^^^^^^^
HumanEval_55.py:16: in fib
    return fib(n - 1) + fib(n - 2)
           ^^^^^^^^^^
HumanEval_55.py:16: in fib
    return fib(n - 1) + fib(n - 2)
           ^^^^^^^^^^
HumanEval_55.py:16: in fib
    return fib(n - 1) + fib(n - 2)
           ^^^^^^^^^^
HumanEval_55.py:16: in fib
    return fib(n - 1) + fib(n - 2)
           ^^^^^^^^^^
HumanEval_55.py:16: in fib
    return fib(n - 1) + fib(n - 2)
           ^^^^^^^^^^
HumanEval_55.py:16: in fib
    return fib(n - 1) + fib(n - 2)
           ^^^^^^^^^^
HumanEval_55.py:16: in fib
    return fib(n - 1) + fib(n - 2)
           ^^^^^^^^^^
HumanEval_55.py:16: in fib
    return fib(n - 1) + fib(n - 2)
           ^^^^^^^^^^
HumanEval_55.py:16: in fib
    return fib(n - 1) + fib(n - 2)
           ^^^^^^^^^^
HumanEval_55.py:16: in fib
    return fib(n - 1) + fib(n - 2)
           ^^^^^^^^^^
HumanEval_55.py:16: in fib
    return fib(n - 1) + fib(n - 2)
           ^^^^^^^^^^
HumanEval_55.py:16: in fib
    return fib(n - 1) + fib(n - 2)
           ^^^^^^^^^^
HumanEval_55.py:16: in fib
    return fib(n - 1) + fib(n - 2)
           ^^^^^^^^^^
HumanEval_55.py:16: in fib
    return fib(n - 1) + fib(n - 2)
           ^^^^^^^^^^
HumanEval_55.py:16: in fib
    return fib(n - 1) + fib(n - 2)
           ^^^^^^^^^^
HumanEval_55.py:16: in fib
    return fib(n - 1) + fib(n - 2)
           ^^^^^^^^^^
HumanEval_55.py:16: in fib
    return fib(n - 1) + fib(n - 2)
           ^^^^^^^^^^
HumanEval_55.py:16: in fib
    return fib(n - 1) + fib(n - 2)
           ^^^^^^^^^^
HumanEval_55.py:16: in fib
    return fib(n - 1) + fib(n - 2)
           ^^^^^^^^^^
HumanEval_55.py:16: in fib
    return fib(n - 1) + fib(n - 2)
           ^^^^^^^^^^
HumanEval_55.py:16: in fib
    return fib(n - 1) + fib(n - 2)
           ^^^^^^^^^^
HumanEval_55.py:16: in fib
    return fib(n - 1) + fib(n - 2)
           ^^^^^^^^^^
HumanEval_55.py:16: in fib
    return fib(n - 1) + fib(n - 2)
           ^^^^^^^^^^
HumanEval_55.py:16: in fib
    return fib(n - 1) + fib(n - 2)
           ^^^^^^^^^^
HumanEval_55.py:16: in fib
    return fib(n - 1) + fib(n - 2)
           ^^^^^^^^^^
HumanEval_55.py:16: in fib
    return fib(n - 1) + fib(n - 2)
           ^^^^^^^^^^
HumanEval_55.py:16: in fib
    return fib(n - 1) + fib(n - 2)
           ^^^^^^^^^^
HumanEval_55.py:16: in fib
    return fib(n - 1) + fib(n - 2)
           ^^^^^^^^^^
HumanEval_55.py:16: in fib
    return fib(n - 1) + fib(n - 2)
           ^^^^^^^^^^
HumanEval_55.py:16: in fib
    return fib(n - 1) + fib(n - 2)
           ^^^^^^^^^^
HumanEval_55.py:16: in fib
    return fib(n - 1) + fib(n - 2)
           ^^^^^^^^^^
HumanEval_55.py:16: in fib
    return fib(n - 1) + fib(n - 2)
           ^^^^^^^^^^
HumanEval_55.py:16: in fib
    return fib(n - 1) + fib(n - 2)
           ^^^^^^^^^^
HumanEval_55.py:16: in fib
    return fib(n - 1) + fib(n - 2)
           ^^^^^^^^^^
HumanEval_55.py:16: in fib
    return fib(n - 1) + fib(n - 2)
           ^^^^^^^^^^
HumanEval_55.py:16: in fib
    return fib(n - 1) + fib(n - 2)
           ^^^^^^^^^^
HumanEval_55.py:16: in fib
    return fib(n - 1) + fib(n - 2)
           ^^^^^^^^^^
HumanEval_55.py:16: in fib
    return fib(n - 1) + fib(n - 2)
           ^^^^^^^^^^
HumanEval_55.py:16: in fib
    return fib(n - 1) + fib(n - 2)
           ^^^^^^^^^^
HumanEval_55.py:16: in fib
    return fib(n - 1) + fib(n - 2)
           ^^^^^^^^^^
HumanEval_55.py:16: in fib
    return fib(n - 1) + fib(n - 2)
           ^^^^^^^^^^
HumanEval_55.py:16: in fib
    return fib(n - 1) + fib(n - 2)
           ^^^^^^^^^^
HumanEval_55.py:16: in fib
    return fib(n - 1) + fib(n - 2)
           ^^^^^^^^^^
HumanEval_55.py:16: in fib
    return fib(n - 1) + fib(n - 2)
           ^^^^^^^^^^
HumanEval_55.py:16: in fib
    return fib(n - 1) + fib(n - 2)
           ^^^^^^^^^^
HumanEval_55.py:16: in fib
    return fib(n - 1) + fib(n - 2)
           ^^^^^^^^^^
HumanEval_55.py:16: in fib
    return fib(n - 1) + fib(n - 2)
           ^^^^^^^^^^
HumanEval_55.py:16: in fib
    return fib(n - 1) + fib(n - 2)
           ^^^^^^^^^^
HumanEval_55.py:16: in fib
    return fib(n - 1) + fib(n - 2)
           ^^^^^^^^^^
HumanEval_55.py:16: in fib
    return fib(n - 1) + fib(n - 2)
           ^^^^^^^^^^
HumanEval_55.py:16: in fib
    return fib(n - 1) + fib(n - 2)
           ^^^^^^^^^^
HumanEval_55.py:16: in fib
    return fib(n - 1) + fib(n - 2)
           ^^^^^^^^^^
HumanEval_55.py:16: in fib
    return fib(n - 1) + fib(n - 2)
           ^^^^^^^^^^
HumanEval_55.py:16: in fib
    return fib(n - 1) + fib(n - 2)
           ^^^^^^^^^^
HumanEval_55.py:16: in fib
    return fib(n - 1) + fib(n - 2)
           ^^^^^^^^^^
HumanEval_55.py:16: in fib
    return fib(n - 1) + fib(n - 2)
           ^^^^^^^^^^
HumanEval_55.py:16: in fib
    return fib(n - 1) + fib(n - 2)
           ^^^^^^^^^^
HumanEval_55.py:16: in fib
    return fib(n - 1) + fib(n - 2)
           ^^^^^^^^^^
HumanEval_55.py:16: in fib
    return fib(n - 1) + fib(n - 2)
           ^^^^^^^^^^
HumanEval_55.py:16: in fib
    return fib(n - 1) + fib(n - 2)
           ^^^^^^^^^^
HumanEval_55.py:16: in fib
    return fib(n - 1) + fib(n - 2)
           ^^^^^^^^^^
HumanEval_55.py:16: in fib
    return fib(n - 1) + fib(n - 2)
           ^^^^^^^^^^
HumanEval_55.py:16: in fib
    return fib(n - 1) + fib(n - 2)
           ^^^^^^^^^^
HumanEval_55.py:16: in fib
    return fib(n - 1) + fib(n - 2)
           ^^^^^^^^^^
HumanEval_55.py:16: in fib
    return fib(n - 1) + fib(n - 2)
           ^^^^^^^^^^
HumanEval_55.py:16: in fib
    return fib(n - 1) + fib(n - 2)
           ^^^^^^^^^^
HumanEval_55.py:16: in fib
    return fib(n - 1) + fib(n - 2)
           ^^^^^^^^^^
HumanEval_55.py:16: in fib
    return fib(n - 1) + fib(n - 2)
           ^^^^^^^^^^
HumanEval_55.py:16: in fib
    return fib(n - 1) + fib(n - 2)
           ^^^^^^^^^^
HumanEval_55.py:16: in fib
    return fib(n - 1) + fib(n - 2)
           ^^^^^^^^^^
HumanEval_55.py:16: in fib
    return fib(n - 1) + fib(n - 2)
           ^^^^^^^^^^
HumanEval_55.py:16: in fib
    return fib(n - 1) + fib(n - 2)
           ^^^^^^^^^^
HumanEval_55.py:16: in fib
    return fib(n - 1) + fib(n - 2)
           ^^^^^^^^^^
HumanEval_55.py:16: in fib
    return fib(n - 1) + fib(n - 2)
           ^^^^^^^^^^
HumanEval_55.py:16: in fib
    return fib(n - 1) + fib(n - 2)
           ^^^^^^^^^^
HumanEval_55.py:16: in fib
    return fib(n - 1) + fib(n - 2)
           ^^^^^^^^^^
HumanEval_55.py:16: in fib
    return fib(n - 1) + fib(n - 2)
           ^^^^^^^^^^
HumanEval_55.py:16: in fib
    return fib(n - 1) + fib(n - 2)
           ^^^^^^^^^^
HumanEval_55.py:16: in fib
    return fib(n - 1) + fib(n - 2)
           ^^^^^^^^^^
HumanEval_55.py:16: in fib
    return fib(n - 1) + fib(n - 2)
           ^^^^^^^^^^
HumanEval_55.py:16: in fib
    return fib(n - 1) + fib(n - 2)
           ^^^^^^^^^^
HumanEval_55.py:16: in fib
    return fib(n - 1) + fib(n - 2)
           ^^^^^^^^^^
HumanEval_55.py:16: in fib
    return fib(n - 1) + fib(n - 2)
           ^^^^^^^^^^
HumanEval_55.py:16: in fib
    return fib(n - 1) + fib(n - 2)
           ^^^^^^^^^^
HumanEval_55.py:16: in fib
    return fib(n - 1) + fib(n - 2)
           ^^^^^^^^^^
HumanEval_55.py:16: in fib
    return fib(n - 1) + fib(n - 2)
           ^^^^^^^^^^
HumanEval_55.py:16: in fib
    return fib(n - 1) + fib(n - 2)
           ^^^^^^^^^^
HumanEval_55.py:16: in fib
    return fib(n - 1) + fib(n - 2)
           ^^^^^^^^^^
HumanEval_55.py:16: in fib
    return fib(n - 1) + fib(n - 2)
           ^^^^^^^^^^
HumanEval_55.py:16: in fib
    return fib(n - 1) + fib(n - 2)
           ^^^^^^^^^^
HumanEval_55.py:16: in fib
    return fib(n - 1) + fib(n - 2)
           ^^^^^^^^^^
HumanEval_55.py:16: in fib
    return fib(n - 1) + fib(n - 2)
           ^^^^^^^^^^
HumanEval_55.py:16: in fib
    return fib(n - 1) + fib(n - 2)
           ^^^^^^^^^^
HumanEval_55.py:16: in fib
    return fib(n - 1) + fib(n - 2)
           ^^^^^^^^^^
HumanEval_55.py:16: in fib
    return fib(n - 1) + fib(n - 2)
           ^^^^^^^^^^
HumanEval_55.py:16: in fib
    return fib(n - 1) + fib(n - 2)
           ^^^^^^^^^^
HumanEval_55.py:16: in fib
    return fib(n - 1) + fib(n - 2)
           ^^^^^^^^^^
HumanEval_55.py:16: in fib
    return fib(n - 1) + fib(n - 2)
           ^^^^^^^^^^
HumanEval_55.py:16: in fib
    return fib(n - 1) + fib(n - 2)
           ^^^^^^^^^^
HumanEval_55.py:16: in fib
    return fib(n - 1) + fib(n - 2)
           ^^^^^^^^^^
HumanEval_55.py:16: in fib
    return fib(n - 1) + fib(n - 2)
           ^^^^^^^^^^
HumanEval_55.py:16: in fib
    return fib(n - 1) + fib(n - 2)
           ^^^^^^^^^^
HumanEval_55.py:16: in fib
    return fib(n - 1) + fib(n - 2)
           ^^^^^^^^^^
HumanEval_55.py:16: in fib
    return fib(n - 1) + fib(n - 2)
           ^^^^^^^^^^
HumanEval_55.py:16: in fib
    return fib(n - 1) + fib(n - 2)
           ^^^^^^^^^^
HumanEval_55.py:16: in fib
    return fib(n - 1) + fib(n - 2)
           ^^^^^^^^^^
HumanEval_55.py:16: in fib
    return fib(n - 1) + fib(n - 2)
           ^^^^^^^^^^
HumanEval_55.py:16: in fib
    return fib(n - 1) + fib(n - 2)
           ^^^^^^^^^^
HumanEval_55.py:16: in fib
    return fib(n - 1) + fib(n - 2)
           ^^^^^^^^^^
HumanEval_55.py:16: in fib
    return fib(n - 1) + fib(n - 2)
           ^^^^^^^^^^
HumanEval_55.py:16: in fib
    return fib(n - 1) + fib(n - 2)
           ^^^^^^^^^^
HumanEval_55.py:16: in fib
    return fib(n - 1) + fib(n - 2)
           ^^^^^^^^^^
HumanEval_55.py:16: in fib
    return fib(n - 1) + fib(n - 2)
           ^^^^^^^^^^
HumanEval_55.py:16: in fib
    return fib(n - 1) + fib(n - 2)
           ^^^^^^^^^^
HumanEval_55.py:16: in fib
    return fib(n - 1) + fib(n - 2)
           ^^^^^^^^^^
HumanEval_55.py:16: in fib
    return fib(n - 1) + fib(n - 2)
           ^^^^^^^^^^
HumanEval_55.py:16: in fib
    return fib(n - 1) + fib(n - 2)
           ^^^^^^^^^^
HumanEval_55.py:16: in fib
    return fib(n - 1) + fib(n - 2)
           ^^^^^^^^^^
HumanEval_55.py:16: in fib
    return fib(n - 1) + fib(n - 2)
           ^^^^^^^^^^
HumanEval_55.py:16: in fib
    return fib(n - 1) + fib(n - 2)
           ^^^^^^^^^^
HumanEval_55.py:16: in fib
    return fib(n - 1) + fib(n - 2)
           ^^^^^^^^^^
HumanEval_55.py:16: in fib
    return fib(n - 1) + fib(n - 2)
           ^^^^^^^^^^
HumanEval_55.py:16: in fib
    return fib(n - 1) + fib(n - 2)
           ^^^^^^^^^^
HumanEval_55.py:16: in fib
    return fib(n - 1) + fib(n - 2)
           ^^^^^^^^^^
HumanEval_55.py:16: in fib
    return fib(n - 1) + fib(n - 2)
           ^^^^^^^^^^
HumanEval_55.py:16: in fib
    return fib(n - 1) + fib(n - 2)
           ^^^^^^^^^^
HumanEval_55.py:16: in fib
    return fib(n - 1) + fib(n - 2)
           ^^^^^^^^^^
HumanEval_55.py:16: in fib
    return fib(n - 1) + fib(n - 2)
           ^^^^^^^^^^
HumanEval_55.py:16: in fib
    return fib(n - 1) + fib(n - 2)
           ^^^^^^^^^^
HumanEval_55.py:16: in fib
    return fib(n - 1) + fib(n - 2)
           ^^^^^^^^^^
HumanEval_55.py:16: in fib
    return fib(n - 1) + fib(n - 2)
           ^^^^^^^^^^
HumanEval_55.py:16: in fib
    return fib(n - 1) + fib(n - 2)
           ^^^^^^^^^^
HumanEval_55.py:16: in fib
    return fib(n - 1) + fib(n - 2)
           ^^^^^^^^^^
HumanEval_55.py:16: in fib
    return fib(n - 1) + fib(n - 2)
           ^^^^^^^^^^
HumanEval_55.py:16: in fib
    return fib(n - 1) + fib(n - 2)
           ^^^^^^^^^^
HumanEval_55.py:16: in fib
    return fib(n - 1) + fib(n - 2)
           ^^^^^^^^^^
HumanEval_55.py:16: in fib
    return fib(n - 1) + fib(n - 2)
           ^^^^^^^^^^
HumanEval_55.py:16: in fib
    return fib(n - 1) + fib(n - 2)
           ^^^^^^^^^^
HumanEval_55.py:16: in fib
    return fib(n - 1) + fib(n - 2)
           ^^^^^^^^^^
HumanEval_55.py:16: in fib
    return fib(n - 1) + fib(n - 2)
           ^^^^^^^^^^
HumanEval_55.py:16: in fib
    return fib(n - 1) + fib(n - 2)
           ^^^^^^^^^^
HumanEval_55.py:16: in fib
    return fib(n - 1) + fib(n - 2)
           ^^^^^^^^^^
HumanEval_55.py:16: in fib
    return fib(n - 1) + fib(n - 2)
           ^^^^^^^^^^
HumanEval_55.py:16: in fib
    return fib(n - 1) + fib(n - 2)
           ^^^^^^^^^^
HumanEval_55.py:16: in fib
    return fib(n - 1) + fib(n - 2)
           ^^^^^^^^^^
HumanEval_55.py:16: in fib
    return fib(n - 1) + fib(n - 2)
           ^^^^^^^^^^
HumanEval_55.py:16: in fib
    return fib(n - 1) + fib(n - 2)
           ^^^^^^^^^^
HumanEval_55.py:16: in fib
    return fib(n - 1) + fib(n - 2)
           ^^^^^^^^^^
HumanEval_55.py:16: in fib
    return fib(n - 1) + fib(n - 2)
           ^^^^^^^^^^
HumanEval_55.py:16: in fib
    return fib(n - 1) + fib(n - 2)
           ^^^^^^^^^^
HumanEval_55.py:16: in fib
    return fib(n - 1) + fib(n - 2)
           ^^^^^^^^^^
HumanEval_55.py:16: in fib
    return fib(n - 1) + fib(n - 2)
           ^^^^^^^^^^
HumanEval_55.py:16: in fib
    return fib(n - 1) + fib(n - 2)
           ^^^^^^^^^^
HumanEval_55.py:16: in fib
    return fib(n - 1) + fib(n - 2)
           ^^^^^^^^^^
HumanEval_55.py:16: in fib
    return fib(n - 1) + fib(n - 2)
           ^^^^^^^^^^
HumanEval_55.py:16: in fib
    return fib(n - 1) + fib(n - 2)
           ^^^^^^^^^^
HumanEval_55.py:16: in fib
    return fib(n - 1) + fib(n - 2)
           ^^^^^^^^^^
HumanEval_55.py:16: in fib
    return fib(n - 1) + fib(n - 2)
           ^^^^^^^^^^
HumanEval_55.py:16: in fib
    return fib(n - 1) + fib(n - 2)
           ^^^^^^^^^^
HumanEval_55.py:16: in fib
    return fib(n - 1) + fib(n - 2)
           ^^^^^^^^^^
HumanEval_55.py:16: in fib
    return fib(n - 1) + fib(n - 2)
           ^^^^^^^^^^
HumanEval_55.py:16: in fib
    return fib(n - 1) + fib(n - 2)
           ^^^^^^^^^^
HumanEval_55.py:16: in fib
    return fib(n - 1) + fib(n - 2)
           ^^^^^^^^^^
HumanEval_55.py:16: in fib
    return fib(n - 1) + fib(n - 2)
           ^^^^^^^^^^
HumanEval_55.py:16: in fib
    return fib(n - 1) + fib(n - 2)
           ^^^^^^^^^^
HumanEval_55.py:16: in fib
    return fib(n - 1) + fib(n - 2)
           ^^^^^^^^^^
HumanEval_55.py:16: in fib
    return fib(n - 1) + fib(n - 2)
           ^^^^^^^^^^
HumanEval_55.py:16: in fib
    return fib(n - 1) + fib(n - 2)
           ^^^^^^^^^^
HumanEval_55.py:16: in fib
    return fib(n - 1) + fib(n - 2)
           ^^^^^^^^^^
HumanEval_55.py:16: in fib
    return fib(n - 1) + fib(n - 2)
           ^^^^^^^^^^
HumanEval_55.py:16: in fib
    return fib(n - 1) + fib(n - 2)
           ^^^^^^^^^^
HumanEval_55.py:16: in fib
    return fib(n - 1) + fib(n - 2)
           ^^^^^^^^^^
HumanEval_55.py:16: in fib
    return fib(n - 1) + fib(n - 2)
           ^^^^^^^^^^
HumanEval_55.py:16: in fib
    return fib(n - 1) + fib(n - 2)
           ^^^^^^^^^^
HumanEval_55.py:16: in fib
    return fib(n - 1) + fib(n - 2)
           ^^^^^^^^^^
HumanEval_55.py:16: in fib
    return fib(n - 1) + fib(n - 2)
           ^^^^^^^^^^
HumanEval_55.py:16: in fib
    return fib(n - 1) + fib(n - 2)
           ^^^^^^^^^^
HumanEval_55.py:16: in fib
    return fib(n - 1) + fib(n - 2)
           ^^^^^^^^^^
HumanEval_55.py:16: in fib
    return fib(n - 1) + fib(n - 2)
           ^^^^^^^^^^
HumanEval_55.py:16: in fib
    return fib(n - 1) + fib(n - 2)
           ^^^^^^^^^^
HumanEval_55.py:16: in fib
    return fib(n - 1) + fib(n - 2)
           ^^^^^^^^^^
HumanEval_55.py:16: in fib
    return fib(n - 1) + fib(n - 2)
           ^^^^^^^^^^
HumanEval_55.py:16: in fib
    return fib(n - 1) + fib(n - 2)
           ^^^^^^^^^^
HumanEval_55.py:16: in fib
    return fib(n - 1) + fib(n - 2)
           ^^^^^^^^^^
HumanEval_55.py:16: in fib
    return fib(n - 1) + fib(n - 2)
           ^^^^^^^^^^
HumanEval_55.py:16: in fib
    return fib(n - 1) + fib(n - 2)
           ^^^^^^^^^^
HumanEval_55.py:16: in fib
    return fib(n - 1) + fib(n - 2)
           ^^^^^^^^^^
HumanEval_55.py:16: in fib
    return fib(n - 1) + fib(n - 2)
           ^^^^^^^^^^
HumanEval_55.py:16: in fib
    return fib(n - 1) + fib(n - 2)
           ^^^^^^^^^^
HumanEval_55.py:16: in fib
    return fib(n - 1) + fib(n - 2)
           ^^^^^^^^^^
HumanEval_55.py:16: in fib
    return fib(n - 1) + fib(n - 2)
           ^^^^^^^^^^
HumanEval_55.py:16: in fib
    return fib(n - 1) + fib(n - 2)
           ^^^^^^^^^^
HumanEval_55.py:16: in fib
    return fib(n - 1) + fib(n - 2)
           ^^^^^^^^^^
HumanEval_55.py:16: in fib
    return fib(n - 1) + fib(n - 2)
           ^^^^^^^^^^
HumanEval_55.py:16: in fib
    return fib(n - 1) + fib(n - 2)
           ^^^^^^^^^^
HumanEval_55.py:16: in fib
    return fib(n - 1) + fib(n - 2)
           ^^^^^^^^^^
HumanEval_55.py:16: in fib
    return fib(n - 1) + fib(n - 2)
           ^^^^^^^^^^
HumanEval_55.py:16: in fib
    return fib(n - 1) + fib(n - 2)
           ^^^^^^^^^^
HumanEval_55.py:16: in fib
    return fib(n - 1) + fib(n - 2)
           ^^^^^^^^^^
HumanEval_55.py:16: in fib
    return fib(n - 1) + fib(n - 2)
           ^^^^^^^^^^
HumanEval_55.py:16: in fib
    return fib(n - 1) + fib(n - 2)
           ^^^^^^^^^^
HumanEval_55.py:16: in fib
    return fib(n - 1) + fib(n - 2)
           ^^^^^^^^^^
HumanEval_55.py:16: in fib
    return fib(n - 1) + fib(n - 2)
           ^^^^^^^^^^
HumanEval_55.py:16: in fib
    return fib(n - 1) + fib(n - 2)
           ^^^^^^^^^^
HumanEval_55.py:16: in fib
    return fib(n - 1) + fib(n - 2)
           ^^^^^^^^^^
HumanEval_55.py:16: in fib
    return fib(n - 1) + fib(n - 2)
           ^^^^^^^^^^
HumanEval_55.py:16: in fib
    return fib(n - 1) + fib(n - 2)
           ^^^^^^^^^^
HumanEval_55.py:16: in fib
    return fib(n - 1) + fib(n - 2)
           ^^^^^^^^^^
HumanEval_55.py:16: in fib
    return fib(n - 1) + fib(n - 2)
           ^^^^^^^^^^
HumanEval_55.py:16: in fib
    return fib(n - 1) + fib(n - 2)
           ^^^^^^^^^^
HumanEval_55.py:16: in fib
    return fib(n - 1) + fib(n - 2)
           ^^^^^^^^^^
HumanEval_55.py:16: in fib
    return fib(n - 1) + fib(n - 2)
           ^^^^^^^^^^
HumanEval_55.py:16: in fib
    return fib(n - 1) + fib(n - 2)
           ^^^^^^^^^^
HumanEval_55.py:16: in fib
    return fib(n - 1) + fib(n - 2)
           ^^^^^^^^^^
HumanEval_55.py:16: in fib
    return fib(n - 1) + fib(n - 2)
           ^^^^^^^^^^
HumanEval_55.py:16: in fib
    return fib(n - 1) + fib(n - 2)
           ^^^^^^^^^^
HumanEval_55.py:16: in fib
    return fib(n - 1) + fib(n - 2)
           ^^^^^^^^^^
HumanEval_55.py:16: in fib
    return fib(n - 1) + fib(n - 2)
           ^^^^^^^^^^
HumanEval_55.py:16: in fib
    return fib(n - 1) + fib(n - 2)
           ^^^^^^^^^^
HumanEval_55.py:16: in fib
    return fib(n - 1) + fib(n - 2)
           ^^^^^^^^^^
HumanEval_55.py:16: in fib
    return fib(n - 1) + fib(n - 2)
           ^^^^^^^^^^
HumanEval_55.py:16: in fib
    return fib(n - 1) + fib(n - 2)
           ^^^^^^^^^^
HumanEval_55.py:16: in fib
    return fib(n - 1) + fib(n - 2)
           ^^^^^^^^^^
HumanEval_55.py:16: in fib
    return fib(n - 1) + fib(n - 2)
           ^^^^^^^^^^
HumanEval_55.py:16: in fib
    return fib(n - 1) + fib(n - 2)
           ^^^^^^^^^^
HumanEval_55.py:16: in fib
    return fib(n - 1) + fib(n - 2)
           ^^^^^^^^^^
HumanEval_55.py:16: in fib
    return fib(n - 1) + fib(n - 2)
           ^^^^^^^^^^
HumanEval_55.py:16: in fib
    return fib(n - 1) + fib(n - 2)
           ^^^^^^^^^^
HumanEval_55.py:16: in fib
    return fib(n - 1) + fib(n - 2)
           ^^^^^^^^^^
HumanEval_55.py:16: in fib
    return fib(n - 1) + fib(n - 2)
           ^^^^^^^^^^
HumanEval_55.py:16: in fib
    return fib(n - 1) + fib(n - 2)
           ^^^^^^^^^^
HumanEval_55.py:16: in fib
    return fib(n - 1) + fib(n - 2)
           ^^^^^^^^^^
HumanEval_55.py:16: in fib
    return fib(n - 1) + fib(n - 2)
           ^^^^^^^^^^
HumanEval_55.py:16: in fib
    return fib(n - 1) + fib(n - 2)
           ^^^^^^^^^^
HumanEval_55.py:16: in fib
    return fib(n - 1) + fib(n - 2)
           ^^^^^^^^^^
HumanEval_55.py:16: in fib
    return fib(n - 1) + fib(n - 2)
           ^^^^^^^^^^
HumanEval_55.py:16: in fib
    return fib(n - 1) + fib(n - 2)
           ^^^^^^^^^^
HumanEval_55.py:16: in fib
    return fib(n - 1) + fib(n - 2)
           ^^^^^^^^^^
HumanEval_55.py:16: in fib
    return fib(n - 1) + fib(n - 2)
           ^^^^^^^^^^
HumanEval_55.py:16: in fib
    return fib(n - 1) + fib(n - 2)
           ^^^^^^^^^^
HumanEval_55.py:16: in fib
    return fib(n - 1) + fib(n - 2)
           ^^^^^^^^^^
HumanEval_55.py:16: in fib
    return fib(n - 1) + fib(n - 2)
           ^^^^^^^^^^
HumanEval_55.py:16: in fib
    return fib(n - 1) + fib(n - 2)
           ^^^^^^^^^^
HumanEval_55.py:16: in fib
    return fib(n - 1) + fib(n - 2)
           ^^^^^^^^^^
HumanEval_55.py:16: in fib
    return fib(n - 1) + fib(n - 2)
           ^^^^^^^^^^
HumanEval_55.py:16: in fib
    return fib(n - 1) + fib(n - 2)
           ^^^^^^^^^^
HumanEval_55.py:16: in fib
    return fib(n - 1) + fib(n - 2)
           ^^^^^^^^^^
HumanEval_55.py:16: in fib
    return fib(n - 1) + fib(n - 2)
           ^^^^^^^^^^
HumanEval_55.py:16: in fib
    return fib(n - 1) + fib(n - 2)
           ^^^^^^^^^^
HumanEval_55.py:16: in fib
    return fib(n - 1) + fib(n - 2)
           ^^^^^^^^^^
HumanEval_55.py:16: in fib
    return fib(n - 1) + fib(n - 2)
           ^^^^^^^^^^
HumanEval_55.py:16: in fib
    return fib(n - 1) + fib(n - 2)
           ^^^^^^^^^^
HumanEval_55.py:16: in fib
    return fib(n - 1) + fib(n - 2)
           ^^^^^^^^^^
HumanEval_55.py:16: in fib
    return fib(n - 1) + fib(n - 2)
           ^^^^^^^^^^
HumanEval_55.py:16: in fib
    return fib(n - 1) + fib(n - 2)
           ^^^^^^^^^^
HumanEval_55.py:16: in fib
    return fib(n - 1) + fib(n - 2)
           ^^^^^^^^^^
HumanEval_55.py:16: in fib
    return fib(n - 1) + fib(n - 2)
           ^^^^^^^^^^
HumanEval_55.py:16: in fib
    return fib(n - 1) + fib(n - 2)
           ^^^^^^^^^^
HumanEval_55.py:16: in fib
    return fib(n - 1) + fib(n - 2)
           ^^^^^^^^^^
HumanEval_55.py:16: in fib
    return fib(n - 1) + fib(n - 2)
           ^^^^^^^^^^
HumanEval_55.py:16: in fib
    return fib(n - 1) + fib(n - 2)
           ^^^^^^^^^^
HumanEval_55.py:16: in fib
    return fib(n - 1) + fib(n - 2)
           ^^^^^^^^^^
HumanEval_55.py:16: in fib
    return fib(n - 1) + fib(n - 2)
           ^^^^^^^^^^
HumanEval_55.py:16: in fib
    return fib(n - 1) + fib(n - 2)
           ^^^^^^^^^^
HumanEval_55.py:16: in fib
    return fib(n - 1) + fib(n - 2)
           ^^^^^^^^^^
HumanEval_55.py:16: in fib
    return fib(n - 1) + fib(n - 2)
           ^^^^^^^^^^
HumanEval_55.py:16: in fib
    return fib(n - 1) + fib(n - 2)
           ^^^^^^^^^^
HumanEval_55.py:16: in fib
    return fib(n - 1) + fib(n - 2)
           ^^^^^^^^^^
HumanEval_55.py:16: in fib
    return fib(n - 1) + fib(n - 2)
           ^^^^^^^^^^
HumanEval_55.py:16: in fib
    return fib(n - 1) + fib(n - 2)
           ^^^^^^^^^^
HumanEval_55.py:16: in fib
    return fib(n - 1) + fib(n - 2)
           ^^^^^^^^^^
HumanEval_55.py:16: in fib
    return fib(n - 1) + fib(n - 2)
           ^^^^^^^^^^
HumanEval_55.py:16: in fib
    return fib(n - 1) + fib(n - 2)
           ^^^^^^^^^^
HumanEval_55.py:16: in fib
    return fib(n - 1) + fib(n - 2)
           ^^^^^^^^^^
HumanEval_55.py:16: in fib
    return fib(n - 1) + fib(n - 2)
           ^^^^^^^^^^
HumanEval_55.py:16: in fib
    return fib(n - 1) + fib(n - 2)
           ^^^^^^^^^^
HumanEval_55.py:16: in fib
    return fib(n - 1) + fib(n - 2)
           ^^^^^^^^^^
HumanEval_55.py:16: in fib
    return fib(n - 1) + fib(n - 2)
           ^^^^^^^^^^
HumanEval_55.py:16: in fib
    return fib(n - 1) + fib(n - 2)
           ^^^^^^^^^^
HumanEval_55.py:16: in fib
    return fib(n - 1) + fib(n - 2)
           ^^^^^^^^^^
HumanEval_55.py:16: in fib
    return fib(n - 1) + fib(n - 2)
           ^^^^^^^^^^
HumanEval_55.py:16: in fib
    return fib(n - 1) + fib(n - 2)
           ^^^^^^^^^^
HumanEval_55.py:16: in fib
    return fib(n - 1) + fib(n - 2)
           ^^^^^^^^^^
HumanEval_55.py:16: in fib
    return fib(n - 1) + fib(n - 2)
           ^^^^^^^^^^
HumanEval_55.py:16: in fib
    return fib(n - 1) + fib(n - 2)
           ^^^^^^^^^^
HumanEval_55.py:16: in fib
    return fib(n - 1) + fib(n - 2)
           ^^^^^^^^^^
HumanEval_55.py:16: in fib
    return fib(n - 1) + fib(n - 2)
           ^^^^^^^^^^
HumanEval_55.py:16: in fib
    return fib(n - 1) + fib(n - 2)
           ^^^^^^^^^^
HumanEval_55.py:16: in fib
    return fib(n - 1) + fib(n - 2)
           ^^^^^^^^^^
HumanEval_55.py:16: in fib
    return fib(n - 1) + fib(n - 2)
           ^^^^^^^^^^
HumanEval_55.py:16: in fib
    return fib(n - 1) + fib(n - 2)
           ^^^^^^^^^^
HumanEval_55.py:16: in fib
    return fib(n - 1) + fib(n - 2)
           ^^^^^^^^^^
HumanEval_55.py:16: in fib
    return fib(n - 1) + fib(n - 2)
           ^^^^^^^^^^
HumanEval_55.py:16: in fib
    return fib(n - 1) + fib(n - 2)
           ^^^^^^^^^^
HumanEval_55.py:16: in fib
    return fib(n - 1) + fib(n - 2)
           ^^^^^^^^^^
HumanEval_55.py:16: in fib
    return fib(n - 1) + fib(n - 2)
           ^^^^^^^^^^
HumanEval_55.py:16: in fib
    return fib(n - 1) + fib(n - 2)
           ^^^^^^^^^^
HumanEval_55.py:16: in fib
    return fib(n - 1) + fib(n - 2)
           ^^^^^^^^^^
HumanEval_55.py:16: in fib
    return fib(n - 1) + fib(n - 2)
           ^^^^^^^^^^
HumanEval_55.py:16: in fib
    return fib(n - 1) + fib(n - 2)
           ^^^^^^^^^^
HumanEval_55.py:16: in fib
    return fib(n - 1) + fib(n - 2)
           ^^^^^^^^^^
HumanEval_55.py:16: in fib
    return fib(n - 1) + fib(n - 2)
           ^^^^^^^^^^
HumanEval_55.py:16: in fib
    return fib(n - 1) + fib(n - 2)
           ^^^^^^^^^^
HumanEval_55.py:16: in fib
    return fib(n - 1) + fib(n - 2)
           ^^^^^^^^^^
HumanEval_55.py:16: in fib
    return fib(n - 1) + fib(n - 2)
           ^^^^^^^^^^
HumanEval_55.py:16: in fib
    return fib(n - 1) + fib(n - 2)
           ^^^^^^^^^^
HumanEval_55.py:16: in fib
    return fib(n - 1) + fib(n - 2)
           ^^^^^^^^^^
HumanEval_55.py:16: in fib
    return fib(n - 1) + fib(n - 2)
           ^^^^^^^^^^
HumanEval_55.py:16: in fib
    return fib(n - 1) + fib(n - 2)
           ^^^^^^^^^^
HumanEval_55.py:16: in fib
    return fib(n - 1) + fib(n - 2)
           ^^^^^^^^^^
HumanEval_55.py:16: in fib
    return fib(n - 1) + fib(n - 2)
           ^^^^^^^^^^
HumanEval_55.py:16: in fib
    return fib(n - 1) + fib(n - 2)
           ^^^^^^^^^^
HumanEval_55.py:16: in fib
    return fib(n - 1) + fib(n - 2)
           ^^^^^^^^^^
HumanEval_55.py:16: in fib
    return fib(n - 1) + fib(n - 2)
           ^^^^^^^^^^
HumanEval_55.py:16: in fib
    return fib(n - 1) + fib(n - 2)
           ^^^^^^^^^^
HumanEval_55.py:16: in fib
    return fib(n - 1) + fib(n - 2)
           ^^^^^^^^^^
HumanEval_55.py:16: in fib
    return fib(n - 1) + fib(n - 2)
           ^^^^^^^^^^
HumanEval_55.py:16: in fib
    return fib(n - 1) + fib(n - 2)
           ^^^^^^^^^^
HumanEval_55.py:16: in fib
    return fib(n - 1) + fib(n - 2)
           ^^^^^^^^^^
HumanEval_55.py:16: in fib
    return fib(n - 1) + fib(n - 2)
           ^^^^^^^^^^
HumanEval_55.py:16: in fib
    return fib(n - 1) + fib(n - 2)
           ^^^^^^^^^^
HumanEval_55.py:16: in fib
    return fib(n - 1) + fib(n - 2)
           ^^^^^^^^^^
HumanEval_55.py:16: in fib
    return fib(n - 1) + fib(n - 2)
           ^^^^^^^^^^
HumanEval_55.py:16: in fib
    return fib(n - 1) + fib(n - 2)
           ^^^^^^^^^^
HumanEval_55.py:16: in fib
    return fib(n - 1) + fib(n - 2)
           ^^^^^^^^^^
HumanEval_55.py:16: in fib
    return fib(n - 1) + fib(n - 2)
           ^^^^^^^^^^
HumanEval_55.py:16: in fib
    return fib(n - 1) + fib(n - 2)
           ^^^^^^^^^^
HumanEval_55.py:16: in fib
    return fib(n - 1) + fib(n - 2)
           ^^^^^^^^^^
HumanEval_55.py:16: in fib
    return fib(n - 1) + fib(n - 2)
           ^^^^^^^^^^
HumanEval_55.py:16: in fib
    return fib(n - 1) + fib(n - 2)
           ^^^^^^^^^^
HumanEval_55.py:16: in fib
    return fib(n - 1) + fib(n - 2)
           ^^^^^^^^^^
HumanEval_55.py:16: in fib
    return fib(n - 1) + fib(n - 2)
           ^^^^^^^^^^
HumanEval_55.py:16: in fib
    return fib(n - 1) + fib(n - 2)
           ^^^^^^^^^^
HumanEval_55.py:16: in fib
    return fib(n - 1) + fib(n - 2)
           ^^^^^^^^^^
HumanEval_55.py:16: in fib
    return fib(n - 1) + fib(n - 2)
           ^^^^^^^^^^
HumanEval_55.py:16: in fib
    return fib(n - 1) + fib(n - 2)
           ^^^^^^^^^^
HumanEval_55.py:16: in fib
    return fib(n - 1) + fib(n - 2)
           ^^^^^^^^^^
HumanEval_55.py:16: in fib
    return fib(n - 1) + fib(n - 2)
           ^^^^^^^^^^
HumanEval_55.py:16: in fib
    return fib(n - 1) + fib(n - 2)
           ^^^^^^^^^^
HumanEval_55.py:16: in fib
    return fib(n - 1) + fib(n - 2)
           ^^^^^^^^^^
HumanEval_55.py:16: in fib
    return fib(n - 1) + fib(n - 2)
           ^^^^^^^^^^
HumanEval_55.py:16: in fib
    return fib(n - 1) + fib(n - 2)
           ^^^^^^^^^^
HumanEval_55.py:16: in fib
    return fib(n - 1) + fib(n - 2)
           ^^^^^^^^^^
HumanEval_55.py:16: in fib
    return fib(n - 1) + fib(n - 2)
           ^^^^^^^^^^
HumanEval_55.py:16: in fib
    return fib(n - 1) + fib(n - 2)
           ^^^^^^^^^^
HumanEval_55.py:16: in fib
    return fib(n - 1) + fib(n - 2)
           ^^^^^^^^^^
HumanEval_55.py:16: in fib
    return fib(n - 1) + fib(n - 2)
           ^^^^^^^^^^
HumanEval_55.py:16: in fib
    return fib(n - 1) + fib(n - 2)
           ^^^^^^^^^^
HumanEval_55.py:16: in fib
    return fib(n - 1) + fib(n - 2)
           ^^^^^^^^^^
HumanEval_55.py:16: in fib
    return fib(n - 1) + fib(n - 2)
           ^^^^^^^^^^
HumanEval_55.py:16: in fib
    return fib(n - 1) + fib(n - 2)
           ^^^^^^^^^^
HumanEval_55.py:16: in fib
    return fib(n - 1) + fib(n - 2)
           ^^^^^^^^^^
HumanEval_55.py:16: in fib
    return fib(n - 1) + fib(n - 2)
           ^^^^^^^^^^
HumanEval_55.py:16: in fib
    return fib(n - 1) + fib(n - 2)
           ^^^^^^^^^^
HumanEval_55.py:16: in fib
    return fib(n - 1) + fib(n - 2)
           ^^^^^^^^^^
HumanEval_55.py:16: in fib
    return fib(n - 1) + fib(n - 2)
           ^^^^^^^^^^
HumanEval_55.py:16: in fib
    return fib(n - 1) + fib(n - 2)
           ^^^^^^^^^^
HumanEval_55.py:16: in fib
    return fib(n - 1) + fib(n - 2)
           ^^^^^^^^^^
HumanEval_55.py:16: in fib
    return fib(n - 1) + fib(n - 2)
           ^^^^^^^^^^
HumanEval_55.py:16: in fib
    return fib(n - 1) + fib(n - 2)
           ^^^^^^^^^^
HumanEval_55.py:16: in fib
    return fib(n - 1) + fib(n - 2)
           ^^^^^^^^^^
HumanEval_55.py:16: in fib
    return fib(n - 1) + fib(n - 2)
           ^^^^^^^^^^
HumanEval_55.py:16: in fib
    return fib(n - 1) + fib(n - 2)
           ^^^^^^^^^^
HumanEval_55.py:16: in fib
    return fib(n - 1) + fib(n - 2)
           ^^^^^^^^^^
HumanEval_55.py:16: in fib
    return fib(n - 1) + fib(n - 2)
           ^^^^^^^^^^
HumanEval_55.py:16: in fib
    return fib(n - 1) + fib(n - 2)
           ^^^^^^^^^^
HumanEval_55.py:16: in fib
    return fib(n - 1) + fib(n - 2)
           ^^^^^^^^^^
HumanEval_55.py:16: in fib
    return fib(n - 1) + fib(n - 2)
           ^^^^^^^^^^
HumanEval_55.py:16: in fib
    return fib(n - 1) + fib(n - 2)
           ^^^^^^^^^^
HumanEval_55.py:16: in fib
    return fib(n - 1) + fib(n - 2)
           ^^^^^^^^^^
HumanEval_55.py:16: in fib
    return fib(n - 1) + fib(n - 2)
           ^^^^^^^^^^
HumanEval_55.py:16: in fib
    return fib(n - 1) + fib(n - 2)
           ^^^^^^^^^^
HumanEval_55.py:16: in fib
    return fib(n - 1) + fib(n - 2)
           ^^^^^^^^^^
HumanEval_55.py:16: in fib
    return fib(n - 1) + fib(n - 2)
           ^^^^^^^^^^
HumanEval_55.py:16: in fib
    return fib(n - 1) + fib(n - 2)
           ^^^^^^^^^^
HumanEval_55.py:16: in fib
    return fib(n - 1) + fib(n - 2)
           ^^^^^^^^^^
HumanEval_55.py:16: in fib
    return fib(n - 1) + fib(n - 2)
           ^^^^^^^^^^
HumanEval_55.py:16: in fib
    return fib(n - 1) + fib(n - 2)
           ^^^^^^^^^^
HumanEval_55.py:16: in fib
    return fib(n - 1) + fib(n - 2)
           ^^^^^^^^^^
HumanEval_55.py:16: in fib
    return fib(n - 1) + fib(n - 2)
           ^^^^^^^^^^
HumanEval_55.py:16: in fib
    return fib(n - 1) + fib(n - 2)
           ^^^^^^^^^^
HumanEval_55.py:16: in fib
    return fib(n - 1) + fib(n - 2)
           ^^^^^^^^^^
HumanEval_55.py:16: in fib
    return fib(n - 1) + fib(n - 2)
           ^^^^^^^^^^
HumanEval_55.py:16: in fib
    return fib(n - 1) + fib(n - 2)
           ^^^^^^^^^^
HumanEval_55.py:16: in fib
    return fib(n - 1) + fib(n - 2)
           ^^^^^^^^^^
HumanEval_55.py:16: in fib
    return fib(n - 1) + fib(n - 2)
           ^^^^^^^^^^
HumanEval_55.py:16: in fib
    return fib(n - 1) + fib(n - 2)
           ^^^^^^^^^^
HumanEval_55.py:16: in fib
    return fib(n - 1) + fib(n - 2)
           ^^^^^^^^^^
HumanEval_55.py:16: in fib
    return fib(n - 1) + fib(n - 2)
           ^^^^^^^^^^
HumanEval_55.py:16: in fib
    return fib(n - 1) + fib(n - 2)
           ^^^^^^^^^^
HumanEval_55.py:16: in fib
    return fib(n - 1) + fib(n - 2)
           ^^^^^^^^^^
HumanEval_55.py:16: in fib
    return fib(n - 1) + fib(n - 2)
           ^^^^^^^^^^
HumanEval_55.py:16: in fib
    return fib(n - 1) + fib(n - 2)
           ^^^^^^^^^^
HumanEval_55.py:16: in fib
    return fib(n - 1) + fib(n - 2)
           ^^^^^^^^^^
HumanEval_55.py:16: in fib
    return fib(n - 1) + fib(n - 2)
           ^^^^^^^^^^
HumanEval_55.py:16: in fib
    return fib(n - 1) + fib(n - 2)
           ^^^^^^^^^^
HumanEval_55.py:16: in fib
    return fib(n - 1) + fib(n - 2)
           ^^^^^^^^^^
HumanEval_55.py:16: in fib
    return fib(n - 1) + fib(n - 2)
           ^^^^^^^^^^
HumanEval_55.py:16: in fib
    return fib(n - 1) + fib(n - 2)
           ^^^^^^^^^^
HumanEval_55.py:16: in fib
    return fib(n - 1) + fib(n - 2)
           ^^^^^^^^^^
HumanEval_55.py:16: in fib
    return fib(n - 1) + fib(n - 2)
           ^^^^^^^^^^
HumanEval_55.py:16: in fib
    return fib(n - 1) + fib(n - 2)
           ^^^^^^^^^^
HumanEval_55.py:16: in fib
    return fib(n - 1) + fib(n - 2)
           ^^^^^^^^^^
HumanEval_55.py:16: in fib
    return fib(n - 1) + fib(n - 2)
           ^^^^^^^^^^
HumanEval_55.py:16: in fib
    return fib(n - 1) + fib(n - 2)
           ^^^^^^^^^^
HumanEval_55.py:16: in fib
    return fib(n - 1) + fib(n - 2)
           ^^^^^^^^^^
HumanEval_55.py:16: in fib
    return fib(n - 1) + fib(n - 2)
           ^^^^^^^^^^
HumanEval_55.py:16: in fib
    return fib(n - 1) + fib(n - 2)
           ^^^^^^^^^^
HumanEval_55.py:16: in fib
    return fib(n - 1) + fib(n - 2)
           ^^^^^^^^^^
HumanEval_55.py:16: in fib
    return fib(n - 1) + fib(n - 2)
           ^^^^^^^^^^
HumanEval_55.py:16: in fib
    return fib(n - 1) + fib(n - 2)
           ^^^^^^^^^^
HumanEval_55.py:16: in fib
    return fib(n - 1) + fib(n - 2)
           ^^^^^^^^^^
HumanEval_55.py:16: in fib
    return fib(n - 1) + fib(n - 2)
           ^^^^^^^^^^
HumanEval_55.py:16: in fib
    return fib(n - 1) + fib(n - 2)
           ^^^^^^^^^^
HumanEval_55.py:16: in fib
    return fib(n - 1) + fib(n - 2)
           ^^^^^^^^^^
HumanEval_55.py:16: in fib
    return fib(n - 1) + fib(n - 2)
           ^^^^^^^^^^
HumanEval_55.py:16: in fib
    return fib(n - 1) + fib(n - 2)
           ^^^^^^^^^^
HumanEval_55.py:16: in fib
    return fib(n - 1) + fib(n - 2)
           ^^^^^^^^^^
HumanEval_55.py:16: in fib
    return fib(n - 1) + fib(n - 2)
           ^^^^^^^^^^
HumanEval_55.py:16: in fib
    return fib(n - 1) + fib(n - 2)
           ^^^^^^^^^^
HumanEval_55.py:16: in fib
    return fib(n - 1) + fib(n - 2)
           ^^^^^^^^^^
HumanEval_55.py:16: in fib
    return fib(n - 1) + fib(n - 2)
           ^^^^^^^^^^
HumanEval_55.py:16: in fib
    return fib(n - 1) + fib(n - 2)
           ^^^^^^^^^^
HumanEval_55.py:16: in fib
    return fib(n - 1) + fib(n - 2)
           ^^^^^^^^^^
HumanEval_55.py:16: in fib
    return fib(n - 1) + fib(n - 2)
           ^^^^^^^^^^
HumanEval_55.py:16: in fib
    return fib(n - 1) + fib(n - 2)
           ^^^^^^^^^^
HumanEval_55.py:16: in fib
    return fib(n - 1) + fib(n - 2)
           ^^^^^^^^^^
HumanEval_55.py:16: in fib
    return fib(n - 1) + fib(n - 2)
           ^^^^^^^^^^
HumanEval_55.py:16: in fib
    return fib(n - 1) + fib(n - 2)
           ^^^^^^^^^^
HumanEval_55.py:16: in fib
    return fib(n - 1) + fib(n - 2)
           ^^^^^^^^^^
HumanEval_55.py:16: in fib
    return fib(n - 1) + fib(n - 2)
           ^^^^^^^^^^
HumanEval_55.py:16: in fib
    return fib(n - 1) + fib(n - 2)
           ^^^^^^^^^^
HumanEval_55.py:16: in fib
    return fib(n - 1) + fib(n - 2)
           ^^^^^^^^^^
HumanEval_55.py:16: in fib
    return fib(n - 1) + fib(n - 2)
           ^^^^^^^^^^
HumanEval_55.py:16: in fib
    return fib(n - 1) + fib(n - 2)
           ^^^^^^^^^^
HumanEval_55.py:16: in fib
    return fib(n - 1) + fib(n - 2)
           ^^^^^^^^^^
HumanEval_55.py:16: in fib
    return fib(n - 1) + fib(n - 2)
           ^^^^^^^^^^
HumanEval_55.py:16: in fib
    return fib(n - 1) + fib(n - 2)
           ^^^^^^^^^^
HumanEval_55.py:16: in fib
    return fib(n - 1) + fib(n - 2)
           ^^^^^^^^^^
HumanEval_55.py:16: in fib
    return fib(n - 1) + fib(n - 2)
           ^^^^^^^^^^
HumanEval_55.py:16: in fib
    return fib(n - 1) + fib(n - 2)
           ^^^^^^^^^^
HumanEval_55.py:16: in fib
    return fib(n - 1) + fib(n - 2)
           ^^^^^^^^^^
HumanEval_55.py:16: in fib
    return fib(n - 1) + fib(n - 2)
           ^^^^^^^^^^
HumanEval_55.py:16: in fib
    return fib(n - 1) + fib(n - 2)
           ^^^^^^^^^^
HumanEval_55.py:16: in fib
    return fib(n - 1) + fib(n - 2)
           ^^^^^^^^^^
HumanEval_55.py:16: in fib
    return fib(n - 1) + fib(n - 2)
           ^^^^^^^^^^
HumanEval_55.py:16: in fib
    return fib(n - 1) + fib(n - 2)
           ^^^^^^^^^^
HumanEval_55.py:16: in fib
    return fib(n - 1) + fib(n - 2)
           ^^^^^^^^^^
HumanEval_55.py:16: in fib
    return fib(n - 1) + fib(n - 2)
           ^^^^^^^^^^
HumanEval_55.py:16: in fib
    return fib(n - 1) + fib(n - 2)
           ^^^^^^^^^^
HumanEval_55.py:16: in fib
    return fib(n - 1) + fib(n - 2)
           ^^^^^^^^^^
HumanEval_55.py:16: in fib
    return fib(n - 1) + fib(n - 2)
           ^^^^^^^^^^
HumanEval_55.py:16: in fib
    return fib(n - 1) + fib(n - 2)
           ^^^^^^^^^^
HumanEval_55.py:16: in fib
    return fib(n - 1) + fib(n - 2)
           ^^^^^^^^^^
HumanEval_55.py:16: in fib
    return fib(n - 1) + fib(n - 2)
           ^^^^^^^^^^
HumanEval_55.py:16: in fib
    return fib(n - 1) + fib(n - 2)
           ^^^^^^^^^^
HumanEval_55.py:16: in fib
    return fib(n - 1) + fib(n - 2)
           ^^^^^^^^^^
HumanEval_55.py:16: in fib
    return fib(n - 1) + fib(n - 2)
           ^^^^^^^^^^
HumanEval_55.py:16: in fib
    return fib(n - 1) + fib(n - 2)
           ^^^^^^^^^^
HumanEval_55.py:16: in fib
    return fib(n - 1) + fib(n - 2)
           ^^^^^^^^^^
HumanEval_55.py:16: in fib
    return fib(n - 1) + fib(n - 2)
           ^^^^^^^^^^
HumanEval_55.py:16: in fib
    return fib(n - 1) + fib(n - 2)
           ^^^^^^^^^^
HumanEval_55.py:16: in fib
    return fib(n - 1) + fib(n - 2)
           ^^^^^^^^^^
HumanEval_55.py:16: in fib
    return fib(n - 1) + fib(n - 2)
           ^^^^^^^^^^
HumanEval_55.py:16: in fib
    return fib(n - 1) + fib(n - 2)
           ^^^^^^^^^^
HumanEval_55.py:16: in fib
    return fib(n - 1) + fib(n - 2)
           ^^^^^^^^^^
HumanEval_55.py:16: in fib
    return fib(n - 1) + fib(n - 2)
           ^^^^^^^^^^
HumanEval_55.py:16: in fib
    return fib(n - 1) + fib(n - 2)
           ^^^^^^^^^^
HumanEval_55.py:16: in fib
    return fib(n - 1) + fib(n - 2)
           ^^^^^^^^^^
HumanEval_55.py:16: in fib
    return fib(n - 1) + fib(n - 2)
           ^^^^^^^^^^
HumanEval_55.py:16: in fib
    return fib(n - 1) + fib(n - 2)
           ^^^^^^^^^^
HumanEval_55.py:16: in fib
    return fib(n - 1) + fib(n - 2)
           ^^^^^^^^^^
HumanEval_55.py:16: in fib
    return fib(n - 1) + fib(n - 2)
           ^^^^^^^^^^
HumanEval_55.py:16: in fib
    return fib(n - 1) + fib(n - 2)
           ^^^^^^^^^^
HumanEval_55.py:16: in fib
    return fib(n - 1) + fib(n - 2)
           ^^^^^^^^^^
HumanEval_55.py:16: in fib
    return fib(n - 1) + fib(n - 2)
           ^^^^^^^^^^
HumanEval_55.py:16: in fib
    return fib(n - 1) + fib(n - 2)
           ^^^^^^^^^^
HumanEval_55.py:16: in fib
    return fib(n - 1) + fib(n - 2)
           ^^^^^^^^^^
HumanEval_55.py:16: in fib
    return fib(n - 1) + fib(n - 2)
           ^^^^^^^^^^
HumanEval_55.py:16: in fib
    return fib(n - 1) + fib(n - 2)
           ^^^^^^^^^^
HumanEval_55.py:16: in fib
    return fib(n - 1) + fib(n - 2)
           ^^^^^^^^^^
HumanEval_55.py:16: in fib
    return fib(n - 1) + fib(n - 2)
           ^^^^^^^^^^
HumanEval_55.py:16: in fib
    return fib(n - 1) + fib(n - 2)
           ^^^^^^^^^^
HumanEval_55.py:16: in fib
    return fib(n - 1) + fib(n - 2)
           ^^^^^^^^^^
HumanEval_55.py:16: in fib
    return fib(n - 1) + fib(n - 2)
           ^^^^^^^^^^
HumanEval_55.py:16: in fib
    return fib(n - 1) + fib(n - 2)
           ^^^^^^^^^^
HumanEval_55.py:16: in fib
    return fib(n - 1) + fib(n - 2)
           ^^^^^^^^^^
HumanEval_55.py:16: in fib
    return fib(n - 1) + fib(n - 2)
           ^^^^^^^^^^
HumanEval_55.py:16: in fib
    return fib(n - 1) + fib(n - 2)
           ^^^^^^^^^^
HumanEval_55.py:16: in fib
    return fib(n - 1) + fib(n - 2)
           ^^^^^^^^^^
HumanEval_55.py:16: in fib
    return fib(n - 1) + fib(n - 2)
           ^^^^^^^^^^
HumanEval_55.py:16: in fib
    return fib(n - 1) + fib(n - 2)
           ^^^^^^^^^^
HumanEval_55.py:16: in fib
    return fib(n - 1) + fib(n - 2)
           ^^^^^^^^^^
HumanEval_55.py:16: in fib
    return fib(n - 1) + fib(n - 2)
           ^^^^^^^^^^
HumanEval_55.py:16: in fib
    return fib(n - 1) + fib(n - 2)
           ^^^^^^^^^^
HumanEval_55.py:16: in fib
    return fib(n - 1) + fib(n - 2)
           ^^^^^^^^^^
HumanEval_55.py:16: in fib
    return fib(n - 1) + fib(n - 2)
           ^^^^^^^^^^
HumanEval_55.py:16: in fib
    return fib(n - 1) + fib(n - 2)
           ^^^^^^^^^^
HumanEval_55.py:16: in fib
    return fib(n - 1) + fib(n - 2)
           ^^^^^^^^^^
HumanEval_55.py:16: in fib
    return fib(n - 1) + fib(n - 2)
           ^^^^^^^^^^
HumanEval_55.py:16: in fib
    return fib(n - 1) + fib(n - 2)
           ^^^^^^^^^^
HumanEval_55.py:16: in fib
    return fib(n - 1) + fib(n - 2)
           ^^^^^^^^^^
HumanEval_55.py:16: in fib
    return fib(n - 1) + fib(n - 2)
           ^^^^^^^^^^
HumanEval_55.py:16: in fib
    return fib(n - 1) + fib(n - 2)
           ^^^^^^^^^^
HumanEval_55.py:16: in fib
    return fib(n - 1) + fib(n - 2)
           ^^^^^^^^^^
HumanEval_55.py:16: in fib
    return fib(n - 1) + fib(n - 2)
           ^^^^^^^^^^
HumanEval_55.py:16: in fib
    return fib(n - 1) + fib(n - 2)
           ^^^^^^^^^^
HumanEval_55.py:16: in fib
    return fib(n - 1) + fib(n - 2)
           ^^^^^^^^^^
HumanEval_55.py:16: in fib
    return fib(n - 1) + fib(n - 2)
           ^^^^^^^^^^
HumanEval_55.py:16: in fib
    return fib(n - 1) + fib(n - 2)
           ^^^^^^^^^^
HumanEval_55.py:16: in fib
    return fib(n - 1) + fib(n - 2)
           ^^^^^^^^^^
HumanEval_55.py:16: in fib
    return fib(n - 1) + fib(n - 2)
           ^^^^^^^^^^
HumanEval_55.py:16: in fib
    return fib(n - 1) + fib(n - 2)
           ^^^^^^^^^^
HumanEval_55.py:16: in fib
    return fib(n - 1) + fib(n - 2)
           ^^^^^^^^^^
HumanEval_55.py:16: in fib
    return fib(n - 1) + fib(n - 2)
           ^^^^^^^^^^
HumanEval_55.py:16: in fib
    return fib(n - 1) + fib(n - 2)
           ^^^^^^^^^^
HumanEval_55.py:16: in fib
    return fib(n - 1) + fib(n - 2)
           ^^^^^^^^^^
HumanEval_55.py:16: in fib
    return fib(n - 1) + fib(n - 2)
           ^^^^^^^^^^
HumanEval_55.py:16: in fib
    return fib(n - 1) + fib(n - 2)
           ^^^^^^^^^^
HumanEval_55.py:16: in fib
    return fib(n - 1) + fib(n - 2)
           ^^^^^^^^^^
HumanEval_55.py:16: in fib
    return fib(n - 1) + fib(n - 2)
           ^^^^^^^^^^
HumanEval_55.py:16: in fib
    return fib(n - 1) + fib(n - 2)
           ^^^^^^^^^^
HumanEval_55.py:16: in fib
    return fib(n - 1) + fib(n - 2)
           ^^^^^^^^^^
HumanEval_55.py:16: in fib
    return fib(n - 1) + fib(n - 2)
           ^^^^^^^^^^
HumanEval_55.py:16: in fib
    return fib(n - 1) + fib(n - 2)
           ^^^^^^^^^^
HumanEval_55.py:16: in fib
    return fib(n - 1) + fib(n - 2)
           ^^^^^^^^^^
HumanEval_55.py:16: in fib
    return fib(n - 1) + fib(n - 2)
           ^^^^^^^^^^
HumanEval_55.py:16: in fib
    return fib(n - 1) + fib(n - 2)
           ^^^^^^^^^^
HumanEval_55.py:16: in fib
    return fib(n - 1) + fib(n - 2)
           ^^^^^^^^^^
HumanEval_55.py:16: in fib
    return fib(n - 1) + fib(n - 2)
           ^^^^^^^^^^
HumanEval_55.py:16: in fib
    return fib(n - 1) + fib(n - 2)
           ^^^^^^^^^^
HumanEval_55.py:16: in fib
    return fib(n - 1) + fib(n - 2)
           ^^^^^^^^^^
HumanEval_55.py:16: in fib
    return fib(n - 1) + fib(n - 2)
           ^^^^^^^^^^
HumanEval_55.py:16: in fib
    return fib(n - 1) + fib(n - 2)
           ^^^^^^^^^^
HumanEval_55.py:16: in fib
    return fib(n - 1) + fib(n - 2)
           ^^^^^^^^^^
HumanEval_55.py:16: in fib
    return fib(n - 1) + fib(n - 2)
           ^^^^^^^^^^
HumanEval_55.py:16: in fib
    return fib(n - 1) + fib(n - 2)
           ^^^^^^^^^^
HumanEval_55.py:16: in fib
    return fib(n - 1) + fib(n - 2)
           ^^^^^^^^^^
HumanEval_55.py:16: in fib
    return fib(n - 1) + fib(n - 2)
           ^^^^^^^^^^
HumanEval_55.py:16: in fib
    return fib(n - 1) + fib(n - 2)
           ^^^^^^^^^^
HumanEval_55.py:16: in fib
    return fib(n - 1) + fib(n - 2)
           ^^^^^^^^^^
HumanEval_55.py:16: in fib
    return fib(n - 1) + fib(n - 2)
           ^^^^^^^^^^
HumanEval_55.py:16: in fib
    return fib(n - 1) + fib(n - 2)
           ^^^^^^^^^^
HumanEval_55.py:16: in fib
    return fib(n - 1) + fib(n - 2)
           ^^^^^^^^^^
HumanEval_55.py:16: in fib
    return fib(n - 1) + fib(n - 2)
           ^^^^^^^^^^
HumanEval_55.py:16: in fib
    return fib(n - 1) + fib(n - 2)
           ^^^^^^^^^^
HumanEval_55.py:16: in fib
    return fib(n - 1) + fib(n - 2)
           ^^^^^^^^^^
HumanEval_55.py:16: in fib
    return fib(n - 1) + fib(n - 2)
           ^^^^^^^^^^
HumanEval_55.py:16: in fib
    return fib(n - 1) + fib(n - 2)
           ^^^^^^^^^^
HumanEval_55.py:16: in fib
    return fib(n - 1) + fib(n - 2)
           ^^^^^^^^^^
HumanEval_55.py:16: in fib
    return fib(n - 1) + fib(n - 2)
           ^^^^^^^^^^
HumanEval_55.py:16: in fib
    return fib(n - 1) + fib(n - 2)
           ^^^^^^^^^^
HumanEval_55.py:16: in fib
    return fib(n - 1) + fib(n - 2)
           ^^^^^^^^^^
HumanEval_55.py:16: in fib
    return fib(n - 1) + fib(n - 2)
           ^^^^^^^^^^
HumanEval_55.py:16: in fib
    return fib(n - 1) + fib(n - 2)
           ^^^^^^^^^^
HumanEval_55.py:16: in fib
    return fib(n - 1) + fib(n - 2)
           ^^^^^^^^^^
HumanEval_55.py:16: in fib
    return fib(n - 1) + fib(n - 2)
           ^^^^^^^^^^
HumanEval_55.py:16: in fib
    return fib(n - 1) + fib(n - 2)
           ^^^^^^^^^^
HumanEval_55.py:16: in fib
    return fib(n - 1) + fib(n - 2)
           ^^^^^^^^^^
HumanEval_55.py:16: in fib
    return fib(n - 1) + fib(n - 2)
           ^^^^^^^^^^
HumanEval_55.py:16: in fib
    return fib(n - 1) + fib(n - 2)
           ^^^^^^^^^^
HumanEval_55.py:16: in fib
    return fib(n - 1) + fib(n - 2)
           ^^^^^^^^^^
HumanEval_55.py:16: in fib
    return fib(n - 1) + fib(n - 2)
           ^^^^^^^^^^
HumanEval_55.py:16: in fib
    return fib(n - 1) + fib(n - 2)
           ^^^^^^^^^^
HumanEval_55.py:16: in fib
    return fib(n - 1) + fib(n - 2)
           ^^^^^^^^^^
HumanEval_55.py:16: in fib
    return fib(n - 1) + fib(n - 2)
           ^^^^^^^^^^
HumanEval_55.py:16: in fib
    return fib(n - 1) + fib(n - 2)
           ^^^^^^^^^^
HumanEval_55.py:16: in fib
    return fib(n - 1) + fib(n - 2)
           ^^^^^^^^^^
HumanEval_55.py:16: in fib
    return fib(n - 1) + fib(n - 2)
           ^^^^^^^^^^
HumanEval_55.py:16: in fib
    return fib(n - 1) + fib(n - 2)
           ^^^^^^^^^^
HumanEval_55.py:16: in fib
    return fib(n - 1) + fib(n - 2)
           ^^^^^^^^^^
HumanEval_55.py:16: in fib
    return fib(n - 1) + fib(n - 2)
           ^^^^^^^^^^
HumanEval_55.py:16: in fib
    return fib(n - 1) + fib(n - 2)
           ^^^^^^^^^^
HumanEval_55.py:16: in fib
    return fib(n - 1) + fib(n - 2)
           ^^^^^^^^^^
HumanEval_55.py:16: in fib
    return fib(n - 1) + fib(n - 2)
           ^^^^^^^^^^
HumanEval_55.py:16: in fib
    return fib(n - 1) + fib(n - 2)
           ^^^^^^^^^^
HumanEval_55.py:16: in fib
    return fib(n - 1) + fib(n - 2)
           ^^^^^^^^^^
HumanEval_55.py:16: in fib
    return fib(n - 1) + fib(n - 2)
           ^^^^^^^^^^
HumanEval_55.py:16: in fib
    return fib(n - 1) + fib(n - 2)
           ^^^^^^^^^^
HumanEval_55.py:16: in fib
    return fib(n - 1) + fib(n - 2)
           ^^^^^^^^^^
HumanEval_55.py:16: in fib
    return fib(n - 1) + fib(n - 2)
           ^^^^^^^^^^
HumanEval_55.py:16: in fib
    return fib(n - 1) + fib(n - 2)
           ^^^^^^^^^^
HumanEval_55.py:16: in fib
    return fib(n - 1) + fib(n - 2)
           ^^^^^^^^^^
HumanEval_55.py:16: in fib
    return fib(n - 1) + fib(n - 2)
           ^^^^^^^^^^
HumanEval_55.py:16: in fib
    return fib(n - 1) + fib(n - 2)
           ^^^^^^^^^^
HumanEval_55.py:16: in fib
    return fib(n - 1) + fib(n - 2)
           ^^^^^^^^^^
HumanEval_55.py:16: in fib
    return fib(n - 1) + fib(n - 2)
           ^^^^^^^^^^
HumanEval_55.py:16: in fib
    return fib(n - 1) + fib(n - 2)
           ^^^^^^^^^^
HumanEval_55.py:16: in fib
    return fib(n - 1) + fib(n - 2)
           ^^^^^^^^^^
HumanEval_55.py:16: in fib
    return fib(n - 1) + fib(n - 2)
           ^^^^^^^^^^
HumanEval_55.py:16: in fib
    return fib(n - 1) + fib(n - 2)
           ^^^^^^^^^^
HumanEval_55.py:16: in fib
    return fib(n - 1) + fib(n - 2)
           ^^^^^^^^^^
HumanEval_55.py:16: in fib
    return fib(n - 1) + fib(n - 2)
           ^^^^^^^^^^
HumanEval_55.py:16: in fib
    return fib(n - 1) + fib(n - 2)
           ^^^^^^^^^^
HumanEval_55.py:16: in fib
    return fib(n - 1) + fib(n - 2)
           ^^^^^^^^^^
HumanEval_55.py:16: in fib
    return fib(n - 1) + fib(n - 2)
           ^^^^^^^^^^
HumanEval_55.py:16: in fib
    return fib(n - 1) + fib(n - 2)
           ^^^^^^^^^^
HumanEval_55.py:16: in fib
    return fib(n - 1) + fib(n - 2)
           ^^^^^^^^^^
HumanEval_55.py:16: in fib
    return fib(n - 1) + fib(n - 2)
           ^^^^^^^^^^
HumanEval_55.py:16: in fib
    return fib(n - 1) + fib(n - 2)
           ^^^^^^^^^^
HumanEval_55.py:16: in fib
    return fib(n - 1) + fib(n - 2)
           ^^^^^^^^^^
HumanEval_55.py:16: in fib
    return fib(n - 1) + fib(n - 2)
           ^^^^^^^^^^
HumanEval_55.py:16: in fib
    return fib(n - 1) + fib(n - 2)
           ^^^^^^^^^^
HumanEval_55.py:16: in fib
    return fib(n - 1) + fib(n - 2)
           ^^^^^^^^^^
HumanEval_55.py:16: in fib
    return fib(n - 1) + fib(n - 2)
           ^^^^^^^^^^
HumanEval_55.py:16: in fib
    return fib(n - 1) + fib(n - 2)
           ^^^^^^^^^^
HumanEval_55.py:16: in fib
    return fib(n - 1) + fib(n - 2)
           ^^^^^^^^^^
HumanEval_55.py:16: in fib
    return fib(n - 1) + fib(n - 2)
           ^^^^^^^^^^
HumanEval_55.py:16: in fib
    return fib(n - 1) + fib(n - 2)
           ^^^^^^^^^^
HumanEval_55.py:16: in fib
    return fib(n - 1) + fib(n - 2)
           ^^^^^^^^^^
HumanEval_55.py:16: in fib
    return fib(n - 1) + fib(n - 2)
           ^^^^^^^^^^
HumanEval_55.py:16: in fib
    return fib(n - 1) + fib(n - 2)
           ^^^^^^^^^^
HumanEval_55.py:16: in fib
    return fib(n - 1) + fib(n - 2)
           ^^^^^^^^^^
HumanEval_55.py:16: in fib
    return fib(n - 1) + fib(n - 2)
           ^^^^^^^^^^
HumanEval_55.py:16: in fib
    return fib(n - 1) + fib(n - 2)
           ^^^^^^^^^^
HumanEval_55.py:16: in fib
    return fib(n - 1) + fib(n - 2)
           ^^^^^^^^^^
HumanEval_55.py:16: in fib
    return fib(n - 1) + fib(n - 2)
           ^^^^^^^^^^
HumanEval_55.py:16: in fib
    return fib(n - 1) + fib(n - 2)
           ^^^^^^^^^^
HumanEval_55.py:16: in fib
    return fib(n - 1) + fib(n - 2)
           ^^^^^^^^^^
HumanEval_55.py:16: in fib
    return fib(n - 1) + fib(n - 2)
           ^^^^^^^^^^
HumanEval_55.py:16: in fib
    return fib(n - 1) + fib(n - 2)
           ^^^^^^^^^^
HumanEval_55.py:16: in fib
    return fib(n - 1) + fib(n - 2)
           ^^^^^^^^^^
HumanEval_55.py:16: in fib
    return fib(n - 1) + fib(n - 2)
           ^^^^^^^^^^
HumanEval_55.py:16: in fib
    return fib(n - 1) + fib(n - 2)
           ^^^^^^^^^^
HumanEval_55.py:16: in fib
    return fib(n - 1) + fib(n - 2)
           ^^^^^^^^^^
HumanEval_55.py:16: in fib
    return fib(n - 1) + fib(n - 2)
           ^^^^^^^^^^
HumanEval_55.py:16: in fib
    return fib(n - 1) + fib(n - 2)
           ^^^^^^^^^^
HumanEval_55.py:16: in fib
    return fib(n - 1) + fib(n - 2)
           ^^^^^^^^^^
HumanEval_55.py:16: in fib
    return fib(n - 1) + fib(n - 2)
           ^^^^^^^^^^
HumanEval_55.py:16: in fib
    return fib(n - 1) + fib(n - 2)
           ^^^^^^^^^^
HumanEval_55.py:16: in fib
    return fib(n - 1) + fib(n - 2)
           ^^^^^^^^^^
HumanEval_55.py:16: in fib
    return fib(n - 1) + fib(n - 2)
           ^^^^^^^^^^
HumanEval_55.py:16: in fib
    return fib(n - 1) + fib(n - 2)
           ^^^^^^^^^^
HumanEval_55.py:16: in fib
    return fib(n - 1) + fib(n - 2)
           ^^^^^^^^^^
HumanEval_55.py:16: in fib
    return fib(n - 1) + fib(n - 2)
           ^^^^^^^^^^
HumanEval_55.py:16: in fib
    return fib(n - 1) + fib(n - 2)
           ^^^^^^^^^^
HumanEval_55.py:16: in fib
    return fib(n - 1) + fib(n - 2)
           ^^^^^^^^^^
HumanEval_55.py:16: in fib
    return fib(n - 1) + fib(n - 2)
           ^^^^^^^^^^
HumanEval_55.py:16: in fib
    return fib(n - 1) + fib(n - 2)
           ^^^^^^^^^^
HumanEval_55.py:16: in fib
    return fib(n - 1) + fib(n - 2)
           ^^^^^^^^^^
HumanEval_55.py:16: in fib
    return fib(n - 1) + fib(n - 2)
           ^^^^^^^^^^
HumanEval_55.py:16: in fib
    return fib(n - 1) + fib(n - 2)
           ^^^^^^^^^^
HumanEval_55.py:16: in fib
    return fib(n - 1) + fib(n - 2)
           ^^^^^^^^^^
HumanEval_55.py:16: in fib
    return fib(n - 1) + fib(n - 2)
           ^^^^^^^^^^
HumanEval_55.py:16: in fib
    return fib(n - 1) + fib(n - 2)
           ^^^^^^^^^^
HumanEval_55.py:16: in fib
    return fib(n - 1) + fib(n - 2)
           ^^^^^^^^^^
HumanEval_55.py:16: in fib
    return fib(n - 1) + fib(n - 2)
           ^^^^^^^^^^
HumanEval_55.py:16: in fib
    return fib(n - 1) + fib(n - 2)
           ^^^^^^^^^^
HumanEval_55.py:16: in fib
    return fib(n - 1) + fib(n - 2)
           ^^^^^^^^^^
HumanEval_55.py:16: in fib
    return fib(n - 1) + fib(n - 2)
           ^^^^^^^^^^
HumanEval_55.py:16: in fib
    return fib(n - 1) + fib(n - 2)
           ^^^^^^^^^^
HumanEval_55.py:16: in fib
    return fib(n - 1) + fib(n - 2)
           ^^^^^^^^^^
HumanEval_55.py:16: in fib
    return fib(n - 1) + fib(n - 2)
           ^^^^^^^^^^
HumanEval_55.py:16: in fib
    return fib(n - 1) + fib(n - 2)
           ^^^^^^^^^^
HumanEval_55.py:16: in fib
    return fib(n - 1) + fib(n - 2)
           ^^^^^^^^^^
HumanEval_55.py:16: in fib
    return fib(n - 1) + fib(n - 2)
           ^^^^^^^^^^
HumanEval_55.py:16: in fib
    return fib(n - 1) + fib(n - 2)
           ^^^^^^^^^^
HumanEval_55.py:16: in fib
    return fib(n - 1) + fib(n - 2)
           ^^^^^^^^^^
HumanEval_55.py:16: in fib
    return fib(n - 1) + fib(n - 2)
           ^^^^^^^^^^
HumanEval_55.py:16: in fib
    return fib(n - 1) + fib(n - 2)
           ^^^^^^^^^^
HumanEval_55.py:16: in fib
    return fib(n - 1) + fib(n - 2)
           ^^^^^^^^^^
HumanEval_55.py:16: in fib
    return fib(n - 1) + fib(n - 2)
           ^^^^^^^^^^
HumanEval_55.py:16: in fib
    return fib(n - 1) + fib(n - 2)
           ^^^^^^^^^^
HumanEval_55.py:16: in fib
    return fib(n - 1) + fib(n - 2)
           ^^^^^^^^^^
HumanEval_55.py:16: in fib
    return fib(n - 1) + fib(n - 2)
           ^^^^^^^^^^
HumanEval_55.py:16: in fib
    return fib(n - 1) + fib(n - 2)
           ^^^^^^^^^^
HumanEval_55.py:16: in fib
    return fib(n - 1) + fib(n - 2)
           ^^^^^^^^^^
HumanEval_55.py:16: in fib
    return fib(n - 1) + fib(n - 2)
           ^^^^^^^^^^
HumanEval_55.py:16: in fib
    return fib(n - 1) + fib(n - 2)
           ^^^^^^^^^^
HumanEval_55.py:16: in fib
    return fib(n - 1) + fib(n - 2)
           ^^^^^^^^^^
HumanEval_55.py:16: in fib
    return fib(n - 1) + fib(n - 2)
           ^^^^^^^^^^
HumanEval_55.py:16: in fib
    return fib(n - 1) + fib(n - 2)
           ^^^^^^^^^^
HumanEval_55.py:16: in fib
    return fib(n - 1) + fib(n - 2)
           ^^^^^^^^^^
HumanEval_55.py:16: in fib
    return fib(n - 1) + fib(n - 2)
           ^^^^^^^^^^
HumanEval_55.py:16: in fib
    return fib(n - 1) + fib(n - 2)
           ^^^^^^^^^^
HumanEval_55.py:16: in fib
    return fib(n - 1) + fib(n - 2)
           ^^^^^^^^^^
HumanEval_55.py:16: in fib
    return fib(n - 1) + fib(n - 2)
           ^^^^^^^^^^
HumanEval_55.py:16: in fib
    return fib(n - 1) + fib(n - 2)
           ^^^^^^^^^^
HumanEval_55.py:16: in fib
    return fib(n - 1) + fib(n - 2)
           ^^^^^^^^^^
HumanEval_55.py:16: in fib
    return fib(n - 1) + fib(n - 2)
           ^^^^^^^^^^
HumanEval_55.py:16: in fib
    return fib(n - 1) + fib(n - 2)
           ^^^^^^^^^^
HumanEval_55.py:16: in fib
    return fib(n - 1) + fib(n - 2)
           ^^^^^^^^^^
HumanEval_55.py:16: in fib
    return fib(n - 1) + fib(n - 2)
           ^^^^^^^^^^
HumanEval_55.py:16: in fib
    return fib(n - 1) + fib(n - 2)
           ^^^^^^^^^^
HumanEval_55.py:16: in fib
    return fib(n - 1) + fib(n - 2)
           ^^^^^^^^^^
HumanEval_55.py:16: in fib
    return fib(n - 1) + fib(n - 2)
           ^^^^^^^^^^
HumanEval_55.py:16: in fib
    return fib(n - 1) + fib(n - 2)
           ^^^^^^^^^^
HumanEval_55.py:16: in fib
    return fib(n - 1) + fib(n - 2)
           ^^^^^^^^^^
HumanEval_55.py:16: in fib
    return fib(n - 1) + fib(n - 2)
           ^^^^^^^^^^
HumanEval_55.py:16: in fib
    return fib(n - 1) + fib(n - 2)
           ^^^^^^^^^^
HumanEval_55.py:16: in fib
    return fib(n - 1) + fib(n - 2)
           ^^^^^^^^^^
HumanEval_55.py:16: in fib
    return fib(n - 1) + fib(n - 2)
           ^^^^^^^^^^
HumanEval_55.py:16: in fib
    return fib(n - 1) + fib(n - 2)
           ^^^^^^^^^^
HumanEval_55.py:16: in fib
    return fib(n - 1) + fib(n - 2)
           ^^^^^^^^^^
HumanEval_55.py:16: in fib
    return fib(n - 1) + fib(n - 2)
           ^^^^^^^^^^
HumanEval_55.py:16: in fib
    return fib(n - 1) + fib(n - 2)
           ^^^^^^^^^^
HumanEval_55.py:16: in fib
    return fib(n - 1) + fib(n - 2)
           ^^^^^^^^^^
HumanEval_55.py:16: in fib
    return fib(n - 1) + fib(n - 2)
           ^^^^^^^^^^
HumanEval_55.py:16: in fib
    return fib(n - 1) + fib(n - 2)
           ^^^^^^^^^^
HumanEval_55.py:16: in fib
    return fib(n - 1) + fib(n - 2)
           ^^^^^^^^^^
HumanEval_55.py:16: in fib
    return fib(n - 1) + fib(n - 2)
           ^^^^^^^^^^
HumanEval_55.py:16: in fib
    return fib(n - 1) + fib(n - 2)
           ^^^^^^^^^^
HumanEval_55.py:16: in fib
    return fib(n - 1) + fib(n - 2)
           ^^^^^^^^^^
HumanEval_55.py:16: in fib
    return fib(n - 1) + fib(n - 2)
           ^^^^^^^^^^
HumanEval_55.py:16: in fib
    return fib(n - 1) + fib(n - 2)
           ^^^^^^^^^^
HumanEval_55.py:3: in fib
    def fib(n: int):
E   RecursionError: maximum recursion depth exceeded
____________________________ test_fib_large_number _____________________________
HumanEval_55_test.py:24: in test_fib_large_number
    assert fib(50) == 12586269025
           ^^^^^^^
HumanEval_55.py:16: in fib
    return fib(n - 1) + fib(n - 2)
           ^^^^^^^^^^
HumanEval_55.py:16: in fib
    return fib(n - 1) + fib(n - 2)
           ^^^^^^^^^^
HumanEval_55.py:16: in fib
    return fib(n - 1) + fib(n - 2)
           ^^^^^^^^^^
HumanEval_55.py:16: in fib
    return fib(n - 1) + fib(n - 2)
           ^^^^^^^^^^
HumanEval_55.py:16: in fib
    return fib(n - 1) + fib(n - 2)
           ^^^^^^^^^^
HumanEval_55.py:16: in fib
    return fib(n - 1) + fib(n - 2)
           ^^^^^^^^^^
HumanEval_55.py:16: in fib
    return fib(n - 1) + fib(n - 2)
           ^^^^^^^^^^
HumanEval_55.py:16: in fib
    return fib(n - 1) + fib(n - 2)
           ^^^^^^^^^^
HumanEval_55.py:16: in fib
    return fib(n - 1) + fib(n - 2)
           ^^^^^^^^^^
HumanEval_55.py:16: in fib
    return fib(n - 1) + fib(n - 2)
           ^^^^^^^^^^
HumanEval_55.py:16: in fib
    return fib(n - 1) + fib(n - 2)
           ^^^^^^^^^^
HumanEval_55.py:16: in fib
    return fib(n - 1) + fib(n - 2)
           ^^^^^^^^^^
HumanEval_55.py:16: in fib
    return fib(n - 1) + fib(n - 2)
           ^^^^^^^^^^
HumanEval_55.py:16: in fib
    return fib(n - 1) + fib(n - 2)
           ^^^^^^^^^^
HumanEval_55.py:16: in fib
    return fib(n - 1) + fib(n - 2)
           ^^^^^^^^^^
HumanEval_55.py:16: in fib
    return fib(n - 1) + fib(n - 2)
           ^^^^^^^^^^
HumanEval_55.py:16: in fib
    return fib(n - 1) + fib(n - 2)
           ^^^^^^^^^^
HumanEval_55.py:16: in fib
    return fib(n - 1) + fib(n - 2)
                        ^^^^^^^^^^
HumanEval_55.py:16: in fib
    return fib(n - 1) + fib(n - 2)
                        ^^^^^^^^^^
HumanEval_55.py:16: in fib
    return fib(n - 1) + fib(n - 2)
                        ^^^^^^^^^^
HumanEval_55.py:16: in fib
    return fib(n - 1) + fib(n - 2)
                        ^^^^^^^^^^
HumanEval_55.py:16: in fib
    return fib(n - 1) + fib(n - 2)
           ^^^^^^^^^^
HumanEval_55.py:16: in fib
    return fib(n - 1) + fib(n - 2)
                        ^^^^^^^^^^
HumanEval_55.py:16: in fib
    return fib(n - 1) + fib(n - 2)
           ^^^^^^^^^^
HumanEval_55.py:16: in fib
    return fib(n - 1) + fib(n - 2)
                        ^^^^^^^^^^
HumanEval_55.py:16: in fib
    return fib(n - 1) + fib(n - 2)
           ^^^^^^^^^^
HumanEval_55.py:16: in fib
    return fib(n - 1) + fib(n - 2)
           ^^^^^^^^^^
HumanEval_55.py:16: in fib
    return fib(n - 1) + fib(n - 2)
                        ^^^^^^^^^^
HumanEval_55.py:16: in fib
    return fib(n - 1) + fib(n - 2)
                        ^^^^^^^^^^
HumanEval_55.py:16: in fib
    return fib(n - 1) + fib(n - 2)
           ^^^^^^^^^^
HumanEval_55.py:16: in fib
    return fib(n - 1) + fib(n - 2)
           ^^^^^^^^^^
HumanEval_55.py:16: in fib
    return fib(n - 1) + fib(n - 2)
                        ^^^^^^^^^^
HumanEval_55.py:16: in fib
    return fib(n - 1) + fib(n - 2)
                        ^^^^^^^^^^
HumanEval_55.py:16: in fib
    return fib(n - 1) + fib(n - 2)
                        ^^^^^^^^^^
HumanEval_55.py:16: in fib
    return fib(n - 1) + fib(n - 2)
           ^^^^^^^^^^
HumanEval_55.py:16: in fib
    return fib(n - 1) + fib(n - 2)
           ^^^^^^^^^^
HumanEval_55.py:16: in fib
    return fib(n - 1) + fib(n - 2)
                        ^^^^^^^^^^
HumanEval_55.py:3: in fib
    def fib(n: int):
E   Failed: Timeout (>10.0s) from pytest-timeout.
================================ tests coverage ================================
_______________ coverage: platform linux, python 3.13.15-final-0 _______________

Coverage JSON written to file /content/CS598JBR-Team-1/MP2/Coverage/HumanEval_55_test_crafted.json
=========================== short test summary info ============================
FAILED HumanEval_55_test.py::test_fib_negative - RecursionError: maximum recu...
FAILED HumanEval_55_test.py::test_fib_negative_two - RecursionError: maximum ...
FAILED HumanEval_55_test.py::test_fib_large_number - Failed: Timeout (>10.0s)...
3 failed, 4 passed in 11.24s

tests: {'tests_total': 7, 'tests_passed': 4, 'tests_failed': 3, 'tests_errored': 0, 'tests_skipped': 0}
coverage:
100.0

Task_ID HumanEval/118:
prompt:
You are an AI programming assistant. You are an AI programming assistant, utilizing the DeepSeek Coder model, developed by DeepSeek Company, and you only answer questions related to computer science. For politically sensitive questions, security and privacy issues, and other non-computer science questions, you will refuse to answer.
### Instruction:
Generate a pytest test suite for the function `get_closest_vowel` below.

The code is saved in a module named `HumanEval_118`. Start the test file with:
from HumanEval_118 import *

Follow these steps:
1. Read the docstring carefully. It is the specification: every example in it must become a test with exactly the expected value it states.
2. Go through the code line by line and list every branch (each if/elif/else, loop, early return, and edge case such as empty input, a single element, zero, negative numbers, and boundary values).
3. Write at least one test for every branch you listed, so that together the tests execute every line of the code.
4. Compute each expected value by tracing the code by hand for that input. Do not guess. Only test inputs that the specification allows; do not test invalid types or inputs that the code is not designed to handle.

Rules for the output:
- Output a single ```python code block containing only the test file.
- Do not copy or redefine `get_closest_vowel` or any other function from the code; import them as shown above.
- Write each test as a separate function whose name starts with `test_`, with a short descriptive name.

The code:
```python
def get_closest_vowel(word):
    """You are given a word. Your task is to find the closest vowel that stands between 
    two consonants from the right side of the word (case sensitive).
    
    Vowels in the beginning and ending doesn't count. Return empty string if you didn't
    find any vowel met the above condition. 

    You may assume that the given string contains English letter only.

    Example:
    get_closest_vowel("yogurt") ==> "u"
    get_closest_vowel("FULL") ==> "U"
    get_closest_vowel("quick") ==> ""
    get_closest_vowel("ab") ==> ""
    """
    if len(word) < 3:
        return ""

    vowels = {"a", "e", "i", "o", "u", "A", "E", 'O', 'U', 'I'}
    for i in range(len(word)-2, 0, -1):
        if word[i] in vowels:
            if (word[i+1] not in vowels) and (word[i-1] not in vowels):
                return word[i]
    return ""
```
### Response:

response:
```python
from HumanEval_118 import *

def test_get_closest_vowel_yogurt():
    assert get_closest_vowel("yogurt") == "u"

def test_get_closest_vowel_FULL():
    assert get_closest_vowel("FULL") == "U"

def test_get_closest_vowel_quick():
    assert get_closest_vowel("quick") == ""

def test_get_closest_vowel_ab():
    assert get_closest_vowel("ab") == ""

def test_get_closest_vowel_empty_string():
    assert get_closest_vowel("") == ""

def test_get_closest_vowel_single_character():
    assert get_closest_vowel("a") == ""

def test_get_closest_vowel_zero():
    assert get_closest_vowel("0") == ""

def test_get_closest_vowel_negative_numbers():
    assert get_closest_vowel("-1") == ""

def test_get_closest_vowel_boundary_values():
    assert get_closest_vowel("aaa") == ""
    assert get_closest_vowel("eee") == ""
    assert get_closest_vowel("iii") == ""
    assert get_closest_vowel("ooo") == ""
    assert get_closest_vowel("uuu") == ""
```

processed test file:
import pytest

from HumanEval_118 import *

def test_get_closest_vowel_yogurt():
    assert get_closest_vowel('yogurt') == 'u'

def test_get_closest_vowel_FULL():
    assert get_closest_vowel('FULL') == 'U'

def test_get_closest_vowel_quick():
    assert get_closest_vowel('quick') == ''

def test_get_closest_vowel_ab():
    assert get_closest_vowel('ab') == ''

def test_get_closest_vowel_empty_string():
    assert get_closest_vowel('') == ''

def test_get_closest_vowel_single_character():
    assert get_closest_vowel('a') == ''

def test_get_closest_vowel_zero():
    assert get_closest_vowel('0') == ''

def test_get_closest_vowel_negative_numbers():
    assert get_closest_vowel('-1') == ''

def test_get_closest_vowel_boundary_values():
    assert get_closest_vowel('aaa') == ''
    assert get_closest_vowel('eee') == ''
    assert get_closest_vowel('iii') == ''
    assert get_closest_vowel('ooo') == ''
    assert get_closest_vowel('uuu') == ''

pytest output:
.........                                                                [100%]
================================ tests coverage ================================
_______________ coverage: platform linux, python 3.13.15-final-0 _______________

Coverage JSON written to file /content/CS598JBR-Team-1/MP2/Coverage/HumanEval_118_test_crafted.json
9 passed in 0.06s

tests: {'tests_total': 9, 'tests_passed': 9, 'tests_failed': 0, 'tests_errored': 0, 'tests_skipped': 0}
coverage:
100.0

Task_ID HumanEval/109:
prompt:
You are an AI programming assistant. You are an AI programming assistant, utilizing the DeepSeek Coder model, developed by DeepSeek Company, and you only answer questions related to computer science. For politically sensitive questions, security and privacy issues, and other non-computer science questions, you will refuse to answer.
### Instruction:
Generate a pytest test suite for the function `move_one_ball` below.

The code is saved in a module named `HumanEval_109`. Start the test file with:
from HumanEval_109 import *

Follow these steps:
1. Read the docstring carefully. It is the specification: every example in it must become a test with exactly the expected value it states.
2. Go through the code line by line and list every branch (each if/elif/else, loop, early return, and edge case such as empty input, a single element, zero, negative numbers, and boundary values).
3. Write at least one test for every branch you listed, so that together the tests execute every line of the code.
4. Compute each expected value by tracing the code by hand for that input. Do not guess. Only test inputs that the specification allows; do not test invalid types or inputs that the code is not designed to handle.

Rules for the output:
- Output a single ```python code block containing only the test file.
- Do not copy or redefine `move_one_ball` or any other function from the code; import them as shown above.
- Write each test as a separate function whose name starts with `test_`, with a short descriptive name.

The code:
```python
def move_one_ball(arr):
    """We have an array 'arr' of N integers arr[1], arr[2], ..., arr[N].The
    numbers in the array will be randomly ordered. Your task is to determine if
    it is possible to get an array sorted in non-decreasing order by performing 
    the following operation on the given array:
        You are allowed to perform right shift operation any number of times.
    
    One right shift operation means shifting all elements of the array by one
    position in the right direction. The last element of the array will be moved to
    the starting position in the array i.e. 0th index. 

    If it is possible to obtain the sorted array by performing the above operation
    then return True else return False.
    If the given array is empty then return True.

    Note: The given list is guaranteed to have unique elements.

    For Example:
    
    move_one_ball([3, 4, 5, 1, 2])==>True
    Explanation: By performin 2 right shift operations, non-decreasing order can
                 be achieved for the given array.
    move_one_ball([3, 5, 4, 1, 2])==>False
    Explanation:It is not possible to get non-decreasing order for the given
                array by performing any number of right shift operations.
                
    """
    if len(arr)==0:
      return True
    sorted_array=sorted(arr)
    my_arr=[]
    
    min_value=min(arr)
    min_index=arr.index(min_value)
    my_arr=arr[min_index:]+arr[0:min_index]
    for i in range(len(arr)):
      if my_arr[i]!=sorted_array[i]:
        return False
    return True
```
### Response:

response:
```python
from HumanEval_109 import *

def test_empty_array():
    assert move_one_ball([]) == True

def test_sorted_array():
    assert move_one_ball([1, 2, 3, 4, 5]) == True

def test_shifted_array():
    assert move_one_ball([3, 4, 5, 1, 2]) == True

def test_unsorted_array():
    assert move_one_ball([3, 5, 4, 1, 2]) == False

def test_single_element_array():
    assert move_one_ball([1]) == True

def test_zero_array():
    assert move_one_ball([0, 0, 0, 0]) == True

def test_negative_numbers():
    assert move_one_ball([-1, -2, -3, -4, -5]) == True

def test_boundary_values():
    assert move_one_ball([1000000, 2000000, 3000000, 4000000]) == True

def test_duplicate_values():
    assert move_one_ball([1, 1, 1, 1]) == True

def test_large_array():
    arr = list(range(1, 1000000))
    arr.reverse()
    assert move_one_ball(arr) == True
```

processed test file:
import pytest

from HumanEval_109 import *

def test_empty_array():
    assert move_one_ball([]) == True

def test_sorted_array():
    assert move_one_ball([1, 2, 3, 4, 5]) == True

def test_shifted_array():
    assert move_one_ball([3, 4, 5, 1, 2]) == True

def test_unsorted_array():
    assert move_one_ball([3, 5, 4, 1, 2]) == False

def test_single_element_array():
    assert move_one_ball([1]) == True

def test_zero_array():
    assert move_one_ball([0, 0, 0, 0]) == True

def test_negative_numbers():
    assert move_one_ball([-1, -2, -3, -4, -5]) == True

def test_boundary_values():
    assert move_one_ball([1000000, 2000000, 3000000, 4000000]) == True

def test_duplicate_values():
    assert move_one_ball([1, 1, 1, 1]) == True

def test_large_array():
    arr = list(range(1, 1000000))
    arr.reverse()
    assert move_one_ball(arr) == True

pytest output:
......F..F                                                               [100%]
=================================== FAILURES ===================================
____________________________ test_negative_numbers _____________________________
HumanEval_109_test.py:24: in test_negative_numbers
    assert move_one_ball([-1, -2, -3, -4, -5]) == True
E   assert False == True
E    +  where False = move_one_ball([-1, -2, -3, -4, -5])
_______________________________ test_large_array _______________________________
HumanEval_109_test.py:35: in test_large_array
    assert move_one_ball(arr) == True
E   assert False == True
E    +  where False = move_one_ball([999999, 999998, 999997, 999996, 999995, 999994, ...])
================================ tests coverage ================================
_______________ coverage: platform linux, python 3.13.15-final-0 _______________

Coverage JSON written to file /content/CS598JBR-Team-1/MP2/Coverage/HumanEval_109_test_crafted.json
=========================== short test summary info ============================
FAILED HumanEval_109_test.py::test_negative_numbers - assert False == True
FAILED HumanEval_109_test.py::test_large_array - assert False == True
2 failed, 8 passed in 0.17s

tests: {'tests_total': 10, 'tests_passed': 8, 'tests_failed': 2, 'tests_errored': 0, 'tests_skipped': 0}
coverage:
100.0

Task_ID HumanEval/76:
prompt:
You are an AI programming assistant. You are an AI programming assistant, utilizing the DeepSeek Coder model, developed by DeepSeek Company, and you only answer questions related to computer science. For politically sensitive questions, security and privacy issues, and other non-computer science questions, you will refuse to answer.
### Instruction:
Generate a pytest test suite for the function `is_simple_power` below.

The code is saved in a module named `HumanEval_76`. Start the test file with:
from HumanEval_76 import *

Follow these steps:
1. Read the docstring carefully. It is the specification: every example in it must become a test with exactly the expected value it states.
2. Go through the code line by line and list every branch (each if/elif/else, loop, early return, and edge case such as empty input, a single element, zero, negative numbers, and boundary values).
3. Write at least one test for every branch you listed, so that together the tests execute every line of the code.
4. Compute each expected value by tracing the code by hand for that input. Do not guess. Only test inputs that the specification allows; do not test invalid types or inputs that the code is not designed to handle.

Rules for the output:
- Output a single ```python code block containing only the test file.
- Do not copy or redefine `is_simple_power` or any other function from the code; import them as shown above.
- Write each test as a separate function whose name starts with `test_`, with a short descriptive name.

The code:
```python
def is_simple_power(x, n):
    """Your task is to write a function that returns true if a number x is a simple
    power of n and false in other cases.
    x is a simple power of n if n**int=x
    For example:
    is_simple_power(1, 4) => true
    is_simple_power(2, 2) => true
    is_simple_power(8, 2) => true
    is_simple_power(3, 2) => false
    is_simple_power(3, 1) => false
    is_simple_power(5, 3) => false
    """
    if (n == 1): 
        return (x == 1) 
    power = 1
    while (power < x): 
        power = power * n 
    return (power == x)
```
### Response:

response:
```python
from HumanEval_76 import *

def test_is_simple_power_1():
    assert is_simple_power(1, 1) == True

def test_is_simple_power_2():
    assert is_simple_power(4, 2) == True

def test_is_simple_power_3():
    assert is_simple_power(8, 2) == True

def test_is_simple_power_4():
    assert is_simple_power(27, 3) == True

def test_is_simple_power_5():
    assert is_simple_power(16, 2) == True

def test_is_simple_power_6():
    assert is_simple_power(32, 2) == True

def test_is_simple_power_7():
    assert is_simple_power(64, 2) == True

def test_is_simple_power_8():
    assert is_simple_power(5, 2) == False

def test_is_simple_power_9():
    assert is_simple_power(10, 2) == False

def test_is_simple_power_10():
    assert is_simple_power(15, 2) == False

def test_is_simple_power_11():
    assert is_simple_power(20, 2) == False

def test_is_simple_power_12():
    assert is_simple_power(25, 2) == False

def test_is_simple_power_13():
    assert is_simple_power(30, 2) == False

def test_is_simple_power_14():
    assert is_simple_power(31, 2) == False

def test_is_simple_power_15():
    assert is_simple_power(32, 2) == False

def test_is_simple_power_16():
    assert is_simple_power(33, 2) == False

def test_is_simple_power_17():
    assert is_simple_power(34, 2) == False

def test_is_simple_power_18():
    assert is_simple_power(35, 2) == False

def test_is_simple_power_19():
    assert is_simple_power(36, 2) == False

def test_is_simple_power_20():
    assert is_simple_power(37, 2) == False

def test_is_simple_power_21():
    assert is_simple_power(38, 2) == False

def test_is_simple_power_22():
    assert is_simple_power(39, 2) == False

def test_is_simple_power_23():
    assert is_simple_power(40, 2) == False

def test_is_simple_power_24():
    assert is_simple_power(41, 2) == False

def test_is_simple_power_25():
    assert is_simple_power(42, 2) == False

def test_is_simple_power_26():
    assert is_simple_power(43, 2) == False

def test_is_simple_power_27():
    assert is_simple_power(44, 2) == False

def test_is_simple_power_28():
    assert is_simple_power(45, 2) == False

def test_is_simple_power_29():
    assert is_simple_power(46, 2) == False

def test_is_simple_power_30():
    assert is_simple_power(47, 2) == False

def test_is_simple_power_31():
    assert is_simple_power(48, 2) == False

def test_is_simple_power_32():
    assert is_simple_power(49, 2) == False

def test_is_simple_power_33():
    assert is_simple_power(50, 2) == False


processed test file:
import pytest

from HumanEval_76 import *

def test_is_simple_power_1():
    assert is_simple_power(1, 1) == True

def test_is_simple_power_2():
    assert is_simple_power(4, 2) == True

def test_is_simple_power_3():
    assert is_simple_power(8, 2) == True

def test_is_simple_power_4():
    assert is_simple_power(27, 3) == True

def test_is_simple_power_5():
    assert is_simple_power(16, 2) == True

def test_is_simple_power_6():
    assert is_simple_power(32, 2) == True

def test_is_simple_power_7():
    assert is_simple_power(64, 2) == True

def test_is_simple_power_8():
    assert is_simple_power(5, 2) == False

def test_is_simple_power_9():
    assert is_simple_power(10, 2) == False

def test_is_simple_power_10():
    assert is_simple_power(15, 2) == False

def test_is_simple_power_11():
    assert is_simple_power(20, 2) == False

def test_is_simple_power_12():
    assert is_simple_power(25, 2) == False

def test_is_simple_power_13():
    assert is_simple_power(30, 2) == False

def test_is_simple_power_14():
    assert is_simple_power(31, 2) == False

def test_is_simple_power_15():
    assert is_simple_power(32, 2) == False

def test_is_simple_power_16():
    assert is_simple_power(33, 2) == False

def test_is_simple_power_17():
    assert is_simple_power(34, 2) == False

def test_is_simple_power_18():
    assert is_simple_power(35, 2) == False

def test_is_simple_power_19():
    assert is_simple_power(36, 2) == False

def test_is_simple_power_20():
    assert is_simple_power(37, 2) == False

def test_is_simple_power_21():
    assert is_simple_power(38, 2) == False

def test_is_simple_power_22():
    assert is_simple_power(39, 2) == False

def test_is_simple_power_23():
    assert is_simple_power(40, 2) == False

def test_is_simple_power_24():
    assert is_simple_power(41, 2) == False

def test_is_simple_power_25():
    assert is_simple_power(42, 2) == False

def test_is_simple_power_26():
    assert is_simple_power(43, 2) == False

def test_is_simple_power_27():
    assert is_simple_power(44, 2) == False

def test_is_simple_power_28():
    assert is_simple_power(45, 2) == False

def test_is_simple_power_29():
    assert is_simple_power(46, 2) == False

def test_is_simple_power_30():
    assert is_simple_power(47, 2) == False

def test_is_simple_power_31():
    assert is_simple_power(48, 2) == False

def test_is_simple_power_32():
    assert is_simple_power(49, 2) == False

def test_is_simple_power_33():
    assert is_simple_power(50, 2) == False

pytest output:
..............F..................                                        [100%]
=================================== FAILURES ===================================
___________________________ test_is_simple_power_15 ____________________________
HumanEval_76_test.py:48: in test_is_simple_power_15
    assert is_simple_power(32, 2) == False
E   assert True == False
E    +  where True = is_simple_power(32, 2)
================================ tests coverage ================================
_______________ coverage: platform linux, python 3.13.15-final-0 _______________

Coverage JSON written to file /content/CS598JBR-Team-1/MP2/Coverage/HumanEval_76_test_crafted.json
=========================== short test summary info ============================
FAILED HumanEval_76_test.py::test_is_simple_power_15 - assert True == False
1 failed, 32 passed in 0.13s

tests: {'tests_total': 33, 'tests_passed': 32, 'tests_failed': 1, 'tests_errored': 0, 'tests_skipped': 0}
coverage:
100.0

Task_ID HumanEval/140:
prompt:
You are an AI programming assistant. You are an AI programming assistant, utilizing the DeepSeek Coder model, developed by DeepSeek Company, and you only answer questions related to computer science. For politically sensitive questions, security and privacy issues, and other non-computer science questions, you will refuse to answer.
### Instruction:
Generate a pytest test suite for the function `fix_spaces` below.

The code is saved in a module named `HumanEval_140`. Start the test file with:
from HumanEval_140 import *

Follow these steps:
1. Read the docstring carefully. It is the specification: every example in it must become a test with exactly the expected value it states.
2. Go through the code line by line and list every branch (each if/elif/else, loop, early return, and edge case such as empty input, a single element, zero, negative numbers, and boundary values).
3. Write at least one test for every branch you listed, so that together the tests execute every line of the code.
4. Compute each expected value by tracing the code by hand for that input. Do not guess. Only test inputs that the specification allows; do not test invalid types or inputs that the code is not designed to handle.

Rules for the output:
- Output a single ```python code block containing only the test file.
- Do not copy or redefine `fix_spaces` or any other function from the code; import them as shown above.
- Write each test as a separate function whose name starts with `test_`, with a short descriptive name.

The code:
```python
def fix_spaces(text):
    """
    Given a string text, replace all spaces in it with underscores, 
    and if a string has more than 2 consecutive spaces, 
    then replace all consecutive spaces with - 
    
    fix_spaces("Example") == "Example"
    fix_spaces("Example 1") == "Example_1"
    fix_spaces(" Example 2") == "_Example_2"
    fix_spaces(" Example   3") == "_Example-3"
    """
    new_text = ""
    i = 0
    start, end = 0, 0
    while i < len(text):
        if text[i] == " ":
            end += 1
        else:
            if end - start > 2:
                new_text += "-"+text[i]
            elif end - start > 0:
                new_text += "_"*(end - start)+text[i]
            else:
                new_text += text[i]
            start, end = i+1, i+1
        i+=1
    if end - start > 2:
        new_text += "-"
    elif end - start > 0:
        new_text += "_"
    return new_text
```
### Response:

response:
```python
from HumanEval_140 import *

def test_fix_spaces_example():
    assert fix_spaces("Example") == "Example"

def test_fix_spaces_one_space():
    assert fix_spaces("Example 1") == "Example_1"

def test_fix_spaces_leading_space():
    assert fix_spaces(" Example 2") == "_Example_2"

def test_fix_spaces_multiple_spaces():
    assert fix_spaces(" Example   3") == "_Example-3"

def test_fix_spaces_empty_string():
    assert fix_spaces("") == ""

def test_fix_spaces_single_character():
    assert fix_spaces("E") == "E"

def test_fix_spaces_zero():
    assert fix_spaces("0") == "0"

def test_fix_spaces_negative_numbers():
    assert fix_spaces("-1") == "-1"

def test_fix_spaces_boundary_values():
    assert fix_spaces(" "*100) == "-"
```

processed test file:
import pytest

from HumanEval_140 import *

def test_fix_spaces_example():
    assert fix_spaces('Example') == 'Example'

def test_fix_spaces_one_space():
    assert fix_spaces('Example 1') == 'Example_1'

def test_fix_spaces_leading_space():
    assert fix_spaces(' Example 2') == '_Example_2'

def test_fix_spaces_multiple_spaces():
    assert fix_spaces(' Example   3') == '_Example-3'

def test_fix_spaces_empty_string():
    assert fix_spaces('') == ''

def test_fix_spaces_single_character():
    assert fix_spaces('E') == 'E'

def test_fix_spaces_zero():
    assert fix_spaces('0') == '0'

def test_fix_spaces_negative_numbers():
    assert fix_spaces('-1') == '-1'

def test_fix_spaces_boundary_values():
    assert fix_spaces(' ' * 100) == '-'

pytest output:
.........                                                                [100%]
================================ tests coverage ================================
_______________ coverage: platform linux, python 3.13.15-final-0 _______________

Coverage JSON written to file /content/CS598JBR-Team-1/MP2/Coverage/HumanEval_140_test_crafted.json
9 passed in 0.08s

tests: {'tests_total': 9, 'tests_passed': 9, 'tests_failed': 0, 'tests_errored': 0, 'tests_skipped': 0}
coverage:
94.74

Task_ID HumanEval/100:
prompt:
You are an AI programming assistant. You are an AI programming assistant, utilizing the DeepSeek Coder model, developed by DeepSeek Company, and you only answer questions related to computer science. For politically sensitive questions, security and privacy issues, and other non-computer science questions, you will refuse to answer.
### Instruction:
Generate a pytest test suite for the function `make_a_pile` below.

The code is saved in a module named `HumanEval_100`. Start the test file with:
from HumanEval_100 import *

Follow these steps:
1. Read the docstring carefully. It is the specification: every example in it must become a test with exactly the expected value it states.
2. Go through the code line by line and list every branch (each if/elif/else, loop, early return, and edge case such as empty input, a single element, zero, negative numbers, and boundary values).
3. Write at least one test for every branch you listed, so that together the tests execute every line of the code.
4. Compute each expected value by tracing the code by hand for that input. Do not guess. Only test inputs that the specification allows; do not test invalid types or inputs that the code is not designed to handle.

Rules for the output:
- Output a single ```python code block containing only the test file.
- Do not copy or redefine `make_a_pile` or any other function from the code; import them as shown above.
- Write each test as a separate function whose name starts with `test_`, with a short descriptive name.

The code:
```python
def make_a_pile(n):
    """
    Given a positive integer n, you have to make a pile of n levels of stones.
    The first level has n stones.
    The number of stones in the next level is:
        - the next odd number if n is odd.
        - the next even number if n is even.
    Return the number of stones in each level in a list, where element at index
    i represents the number of stones in the level (i+1).

    Examples:
    >>> make_a_pile(3)
    [3, 5, 7]
    """
    return [n + 2*i for i in range(n)]
```
### Response:

response:
```python
from HumanEval_100 import *

def test_make_a_pile_odd():
    """
    Test the make_a_pile function with an odd number.
    """
    assert make_a_pile(3) == [3, 5, 7]

def test_make_a_pile_even():
    """
    Test the make_a_pile function with an even number.
    """
    assert make_a_pile(4) == [4, 6, 8, 10]

def test_make_a_pile_zero():
    """
    Test the make_a_pile function with zero.
    """
    assert make_a_pile(0) == []

def test_make_a_pile_negative():
    """
    Test the make_a_pile function with a negative number.
    """
    assert make_a_pile(-5) == []

def test_make_a_pile_single_element():
    """
    Test the make_a_pile function with a single element.
    """
    assert make_a_pile(1) == [1]

def test_make_a_pile_large_number():
    """
    Test the make_a_pile function with a large number.
    """
    assert make_a_pile(100) == [100, 102, 104, 106, 108, 110, 112, 114, 116, 118, 120]
```

processed test file:
import pytest

from HumanEval_100 import *

def test_make_a_pile_odd():
    """
    Test the make_a_pile function with an odd number.
    """
    assert make_a_pile(3) == [3, 5, 7]

def test_make_a_pile_even():
    """
    Test the make_a_pile function with an even number.
    """
    assert make_a_pile(4) == [4, 6, 8, 10]

def test_make_a_pile_zero():
    """
    Test the make_a_pile function with zero.
    """
    assert make_a_pile(0) == []

def test_make_a_pile_negative():
    """
    Test the make_a_pile function with a negative number.
    """
    assert make_a_pile(-5) == []

def test_make_a_pile_single_element():
    """
    Test the make_a_pile function with a single element.
    """
    assert make_a_pile(1) == [1]

def test_make_a_pile_large_number():
    """
    Test the make_a_pile function with a large number.
    """
    assert make_a_pile(100) == [100, 102, 104, 106, 108, 110, 112, 114, 116, 118, 120]

pytest output:
.....F                                                                   [100%]
=================================== FAILURES ===================================
________________________ test_make_a_pile_large_number _________________________
HumanEval_100_test.py:39: in test_make_a_pile_large_number
    assert make_a_pile(100) == [100, 102, 104, 106, 108, 110, 112, 114, 116, 118, 120]
E   assert [100, 102, 10...108, 110, ...] == [100, 102, 10...108, 110, ...]
E     
E     Left contains 89 more items, first extra item: 122
E     Use -v to get more diff
================================ tests coverage ================================
_______________ coverage: platform linux, python 3.13.15-final-0 _______________

Coverage JSON written to file /content/CS598JBR-Team-1/MP2/Coverage/HumanEval_100_test_crafted.json
=========================== short test summary info ============================
FAILED HumanEval_100_test.py::test_make_a_pile_large_number - assert [100, 10...
1 failed, 5 passed in 0.05s

tests: {'tests_total': 6, 'tests_passed': 5, 'tests_failed': 1, 'tests_errored': 0, 'tests_skipped': 0}
coverage:
100.0

Task_ID HumanEval/38:
prompt:
You are an AI programming assistant. You are an AI programming assistant, utilizing the DeepSeek Coder model, developed by DeepSeek Company, and you only answer questions related to computer science. For politically sensitive questions, security and privacy issues, and other non-computer science questions, you will refuse to answer.
### Instruction:
Generate a pytest test suite for the function `decode_cyclic` below.

The code is saved in a module named `HumanEval_38`. Start the test file with:
from HumanEval_38 import *

Follow these steps:
1. Read the docstring carefully. It is the specification: every example in it must become a test with exactly the expected value it states.
2. Go through the code line by line and list every branch (each if/elif/else, loop, early return, and edge case such as empty input, a single element, zero, negative numbers, and boundary values).
3. Write at least one test for every branch you listed, so that together the tests execute every line of the code.
4. Compute each expected value by tracing the code by hand for that input. Do not guess. Only test inputs that the specification allows; do not test invalid types or inputs that the code is not designed to handle.

Rules for the output:
- Output a single ```python code block containing only the test file.
- Do not copy or redefine `decode_cyclic` or any other function from the code; import them as shown above.
- Write each test as a separate function whose name starts with `test_`, with a short descriptive name.

The code:
```python
def encode_cyclic(s: str):
    """
    returns encoded string by cycling groups of three characters.
    """
    # split string to groups. Each of length 3.
    groups = [s[(3 * i):min((3 * i + 3), len(s))] for i in range((len(s) + 2) // 3)]
    # cycle elements in each group. Unless group has fewer elements than 3.
    groups = [(group[1:] + group[0]) if len(group) == 3 else group for group in groups]
    return "".join(groups)


def decode_cyclic(s: str):
    """
    takes as input string encoded with encode_cyclic function. Returns decoded string.
    """
    return encode_cyclic(encode_cyclic(s))
```
### Response:

response:
```python
from HumanEval_38 import *

def test_decode_cyclic_empty_string():
    """
    Test with an empty string.
    """
    assert decode_cyclic("") == ""

def test_decode_cyclic_single_character():
    """
    Test with a single character.
    """
    assert decode_cyclic("a") == "a"

def test_decode_cyclic_three_characters():
    """
    Test with a string of three characters.
    """
    assert decode_cyclic("abc") == "cba"

def test_decode_cyclic_multiple_groups():
    """
    Test with a string of multiple groups of three characters.
    """
    assert decode_cyclic("abcdefghi") == "hgfedcba"

def test_decode_cyclic_groups_of_less_than_three():
    """
    Test with a string of groups of less than three characters.
    """
    assert decode_cyclic("abcd") == "dcba"

def test_decode_cyclic_groups_of_two_characters():
    """
    Test with a string of groups of two characters.
    """
    assert decode_cyclic("abcd") == "dcba"

def test_decode_cyclic_groups_of_one_character():
    """
    Test with a string of groups of one character.
    """
    assert decode_cyclic("abc") == "cba"
```

processed test file:
import pytest

from HumanEval_38 import *

def test_decode_cyclic_empty_string():
    """
    Test with an empty string.
    """
    assert decode_cyclic('') == ''

def test_decode_cyclic_single_character():
    """
    Test with a single character.
    """
    assert decode_cyclic('a') == 'a'

def test_decode_cyclic_three_characters():
    """
    Test with a string of three characters.
    """
    assert decode_cyclic('abc') == 'cba'

def test_decode_cyclic_multiple_groups():
    """
    Test with a string of multiple groups of three characters.
    """
    assert decode_cyclic('abcdefghi') == 'hgfedcba'

def test_decode_cyclic_groups_of_less_than_three():
    """
    Test with a string of groups of less than three characters.
    """
    assert decode_cyclic('abcd') == 'dcba'

def test_decode_cyclic_groups_of_two_characters():
    """
    Test with a string of groups of two characters.
    """
    assert decode_cyclic('abcd') == 'dcba'

def test_decode_cyclic_groups_of_one_character():
    """
    Test with a string of groups of one character.
    """
    assert decode_cyclic('abc') == 'cba'

pytest output:
..FFFFF                                                                  [100%]
=================================== FAILURES ===================================
_____________________ test_decode_cyclic_three_characters ______________________
HumanEval_38_test.py:21: in test_decode_cyclic_three_characters
    assert decode_cyclic('abc') == 'cba'
E   AssertionError: assert 'cab' == 'cba'
E     
E     - cba
E     + cab
______________________ test_decode_cyclic_multiple_groups ______________________
HumanEval_38_test.py:27: in test_decode_cyclic_multiple_groups
    assert decode_cyclic('abcdefghi') == 'hgfedcba'
E   AssertionError: assert 'cabfdeigh' == 'hgfedcba'
E     
E     - hgfedcba
E     + cabfdeigh
_________________ test_decode_cyclic_groups_of_less_than_three _________________
HumanEval_38_test.py:33: in test_decode_cyclic_groups_of_less_than_three
    assert decode_cyclic('abcd') == 'dcba'
E   AssertionError: assert 'cabd' == 'dcba'
E     
E     - dcba
E     + cabd
_________________ test_decode_cyclic_groups_of_two_characters __________________
HumanEval_38_test.py:39: in test_decode_cyclic_groups_of_two_characters
    assert decode_cyclic('abcd') == 'dcba'
E   AssertionError: assert 'cabd' == 'dcba'
E     
E     - dcba
E     + cabd
__________________ test_decode_cyclic_groups_of_one_character __________________
HumanEval_38_test.py:45: in test_decode_cyclic_groups_of_one_character
    assert decode_cyclic('abc') == 'cba'
E   AssertionError: assert 'cab' == 'cba'
E     
E     - cba
E     + cab
================================ tests coverage ================================
_______________ coverage: platform linux, python 3.13.15-final-0 _______________

Coverage JSON written to file /content/CS598JBR-Team-1/MP2/Coverage/HumanEval_38_test_crafted.json
=========================== short test summary info ============================
FAILED HumanEval_38_test.py::test_decode_cyclic_three_characters - AssertionE...
FAILED HumanEval_38_test.py::test_decode_cyclic_multiple_groups - AssertionEr...
FAILED HumanEval_38_test.py::test_decode_cyclic_groups_of_less_than_three - A...
FAILED HumanEval_38_test.py::test_decode_cyclic_groups_of_two_characters - As...
FAILED HumanEval_38_test.py::test_decode_cyclic_groups_of_one_character - Ass...
5 failed, 2 passed in 0.06s

tests: {'tests_total': 7, 'tests_passed': 2, 'tests_failed': 5, 'tests_errored': 0, 'tests_skipped': 0}
coverage:
100.0

Task_ID HumanEval/18:
prompt:
You are an AI programming assistant. You are an AI programming assistant, utilizing the DeepSeek Coder model, developed by DeepSeek Company, and you only answer questions related to computer science. For politically sensitive questions, security and privacy issues, and other non-computer science questions, you will refuse to answer.
### Instruction:
Generate a pytest test suite for the function `how_many_times` below.

The code is saved in a module named `HumanEval_18`. Start the test file with:
from HumanEval_18 import *

Follow these steps:
1. Read the docstring carefully. It is the specification: every example in it must become a test with exactly the expected value it states.
2. Go through the code line by line and list every branch (each if/elif/else, loop, early return, and edge case such as empty input, a single element, zero, negative numbers, and boundary values).
3. Write at least one test for every branch you listed, so that together the tests execute every line of the code.
4. Compute each expected value by tracing the code by hand for that input. Do not guess. Only test inputs that the specification allows; do not test invalid types or inputs that the code is not designed to handle.

Rules for the output:
- Output a single ```python code block containing only the test file.
- Do not copy or redefine `how_many_times` or any other function from the code; import them as shown above.
- Write each test as a separate function whose name starts with `test_`, with a short descriptive name.

The code:
```python
def how_many_times(string: str, substring: str) -> int:
    """ Find how many times a given substring can be found in the original string. Count overlaping cases.
    >>> how_many_times('', 'a')
    0
    >>> how_many_times('aaa', 'a')
    3
    >>> how_many_times('aaaa', 'aa')
    3
    """
    times = 0

    for i in range(len(string) - len(substring) + 1):
        if string[i:i+len(substring)] == substring:
            times += 1

    return times
```
### Response:

response:
```python
from HumanEval_18 import *

def test_empty_string():
    assert how_many_times('', 'a') == 0

def test_single_character_match():
    assert how_many_times('aaa', 'a') == 3

def test_multiple_character_match():
    assert how_many_times('aaaa', 'aa') == 3

def test_no_match():
    assert how_many_times('abcd', 'ef') == 0

def test_overlapping_match():
    assert how_many_times('ababa', 'aba') == 2

def test_substring_at_start():
    assert how_many_times('aaab', 'aa') == 2

def test_substring_at_end():
    assert how_many_times('abab', 'ab') == 2

def test_substring_not_in_string():
    assert how_many_times('abcd', 'xyz') == 0

def test_substring_is_empty():
    assert how_many_times('abcd', '') == 0

def test_string_is_empty():
    assert how_many_times('', 'ab') == 0
```

processed test file:
import pytest

from HumanEval_18 import *

def test_empty_string():
    assert how_many_times('', 'a') == 0

def test_single_character_match():
    assert how_many_times('aaa', 'a') == 3

def test_multiple_character_match():
    assert how_many_times('aaaa', 'aa') == 3

def test_no_match():
    assert how_many_times('abcd', 'ef') == 0

def test_overlapping_match():
    assert how_many_times('ababa', 'aba') == 2

def test_substring_at_start():
    assert how_many_times('aaab', 'aa') == 2

def test_substring_at_end():
    assert how_many_times('abab', 'ab') == 2

def test_substring_not_in_string():
    assert how_many_times('abcd', 'xyz') == 0

def test_substring_is_empty():
    assert how_many_times('abcd', '') == 0

def test_string_is_empty():
    assert how_many_times('', 'ab') == 0

pytest output:
........F.                                                               [100%]
=================================== FAILURES ===================================
___________________________ test_substring_is_empty ____________________________
HumanEval_18_test.py:30: in test_substring_is_empty
    assert how_many_times('abcd', '') == 0
E   AssertionError: assert 5 == 0
E    +  where 5 = how_many_times('abcd', '')
================================ tests coverage ================================
_______________ coverage: platform linux, python 3.13.15-final-0 _______________

Coverage JSON written to file /content/CS598JBR-Team-1/MP2/Coverage/HumanEval_18_test_crafted.json
=========================== short test summary info ============================
FAILED HumanEval_18_test.py::test_substring_is_empty - AssertionError: assert...
1 failed, 9 passed in 0.06s

tests: {'tests_total': 10, 'tests_passed': 9, 'tests_failed': 1, 'tests_errored': 0, 'tests_skipped': 0}
coverage:
100.0

Task_ID HumanEval/150:
prompt:
You are an AI programming assistant. You are an AI programming assistant, utilizing the DeepSeek Coder model, developed by DeepSeek Company, and you only answer questions related to computer science. For politically sensitive questions, security and privacy issues, and other non-computer science questions, you will refuse to answer.
### Instruction:
Generate a pytest test suite for the function `x_or_y` below.

The code is saved in a module named `HumanEval_150`. Start the test file with:
from HumanEval_150 import *

Follow these steps:
1. Read the docstring carefully. It is the specification: every example in it must become a test with exactly the expected value it states.
2. Go through the code line by line and list every branch (each if/elif/else, loop, early return, and edge case such as empty input, a single element, zero, negative numbers, and boundary values).
3. Write at least one test for every branch you listed, so that together the tests execute every line of the code.
4. Compute each expected value by tracing the code by hand for that input. Do not guess. Only test inputs that the specification allows; do not test invalid types or inputs that the code is not designed to handle.

Rules for the output:
- Output a single ```python code block containing only the test file.
- Do not copy or redefine `x_or_y` or any other function from the code; import them as shown above.
- Write each test as a separate function whose name starts with `test_`, with a short descriptive name.

The code:
```python
def x_or_y(n, x, y):
    """A simple program which should return the value of x if n is 
    a prime number and should return the value of y otherwise.

    Examples:
    for x_or_y(7, 34, 12) == 34
    for x_or_y(15, 8, 5) == 5
    
    """
    if n == 1:
        return y
    for i in range(2, n):
        if n % i == 0:
            return y
            break
    else:
        return x
```
### Response:

response:
```python
from HumanEval_150 import *

def test_x_or_y_prime():
    """Test x_or_y with a prime number"""
    assert x_or_y(7, 34, 12) == 34

def test_x_or_y_not_prime():
    """Test x_or_y with a non-prime number"""
    assert x_or_y(15, 8, 5) == 5

def test_x_or_y_1():
    """Test x_or_y with 1"""
    assert x_or_y(1, 34, 12) == 12

def test_x_or_y_negative():
    """Test x_or_y with negative number"""
    assert x_or_y(-3, 34, 12) == 12

def test_x_or_y_0():
    """Test x_or_y with 0"""
    assert x_or_y(0, 34, 12) == 12

def test_x_or_y_2():
    """Test x_or_y with 2"""
    assert x_or_y(2, 34, 12) == 34

def test_x_or_y_negative_x():
    """Test x_or_y with negative x"""
    assert x_or_y(7, -34, 12) == -34

def test_x_or_y_negative_y():
    """Test x_or_y with negative y"""
    assert x_or_y(7, 34, -12) == 34
```

processed test file:
import pytest

from HumanEval_150 import *

def test_x_or_y_prime():
    """Test x_or_y with a prime number"""
    assert x_or_y(7, 34, 12) == 34

def test_x_or_y_not_prime():
    """Test x_or_y with a non-prime number"""
    assert x_or_y(15, 8, 5) == 5

def test_x_or_y_1():
    """Test x_or_y with 1"""
    assert x_or_y(1, 34, 12) == 12

def test_x_or_y_negative():
    """Test x_or_y with negative number"""
    assert x_or_y(-3, 34, 12) == 12

def test_x_or_y_0():
    """Test x_or_y with 0"""
    assert x_or_y(0, 34, 12) == 12

def test_x_or_y_2():
    """Test x_or_y with 2"""
    assert x_or_y(2, 34, 12) == 34

def test_x_or_y_negative_x():
    """Test x_or_y with negative x"""
    assert x_or_y(7, -34, 12) == -34

def test_x_or_y_negative_y():
    """Test x_or_y with negative y"""
    assert x_or_y(7, 34, -12) == 34

pytest output:
...FF...                                                                 [100%]
=================================== FAILURES ===================================
_____________________________ test_x_or_y_negative _____________________________
HumanEval_150_test.py:19: in test_x_or_y_negative
    assert x_or_y(-3, 34, 12) == 12
E   assert 34 == 12
E    +  where 34 = x_or_y(-3, 34, 12)
________________________________ test_x_or_y_0 _________________________________
HumanEval_150_test.py:23: in test_x_or_y_0
    assert x_or_y(0, 34, 12) == 12
E   assert 34 == 12
E    +  where 34 = x_or_y(0, 34, 12)
================================ tests coverage ================================
_______________ coverage: platform linux, python 3.13.15-final-0 _______________

Coverage JSON written to file /content/CS598JBR-Team-1/MP2/Coverage/HumanEval_150_test_crafted.json
=========================== short test summary info ============================
FAILED HumanEval_150_test.py::test_x_or_y_negative - assert 34 == 12
FAILED HumanEval_150_test.py::test_x_or_y_0 - assert 34 == 12
2 failed, 6 passed in 0.06s

tests: {'tests_total': 8, 'tests_passed': 6, 'tests_failed': 2, 'tests_errored': 0, 'tests_skipped': 0}
coverage:
100.0

